ID,class,RTOE_X,RTOE_Y,RTOE_Z,V_RTOE_X,V_RTOE_Y,V_RTOE_Z,RHLX_X,RHLX_Y,RHLX_Z,V_RHLX_X,V_RHLX_Y,V_RHLX_Z,RHEE_X,RHEE_Y,RHEE_Z,V_RHEE_X,V_RHEE_Y,V_RHEE_Z,RPMT5_X,RPMT5_Y,RPMT5_Z,V_RPMT5_X,V_RPMT5_Y,V_RPMT5_Z,FS,FO
190,1,-218.077114396043,430.389103445647,32.0960937112479,18.3000468404387,24.4505254936516,16.2153162952023,-155.140821825222,436.647675915036,18.706405779452,16.34692770117,16.3490531607617,0.26361712033669,-367.932831671623,488.773426631416,55.260960969703,63.6442028716573,165.228670431438,152.479273914103,-297.472410086181,420.295368025834,23.1164350974471,14.0452944140264,67.2843244502131,65.8020518034572,0,0
191,1,-217.955114083773,430.396806930703,32.2041958198826,20.3560316646204,26.4725871897915,16.924238458202,-155.031842307214,436.457242057216,18.7081632269209,17.6597317542289,17.8853575626759,2.8319409445551,-367.508536985812,489.236659487903,56.2774894624637,59.2211511087726,168.895236759282,158.172236063495,-297.378774790088,420.542165809597,23.5551154428035,15.8005786829364,69.3635721052274,67.5399648244017,0,0
192,1,-217.819407206009,430.381154203047,32.3170240762706,22.7739621063691,28.4464450711345,17.0454359628241,-154.914110762186,436.285243972487,18.7270428332179,19.0420976818714,19.727766730797,5.15589915134171,-367.113729311753,489.585456496886,57.3319710362203,55.3366487347546,174.691025602131,165.694929713406,-297.273437598868,420.725074429582,24.0053818749662,17.7709908511872,72.2097442899289,69.9888495017881,0,0
193,1,-217.667580791967,430.342676152986,32.4306603160228,25.4821047639126,30.3662523670588,16.5157990912,-154.787163444307,436.135628079883,18.7614154942268,20.3283447967905,21.514074424659,7.04370613899865,-366.744818320188,489.814825362801,58.4366039009764,52.4048239515679,183.086069239442,175.42589083757,-297.154964326527,420.840610687849,24.4719742049781,19.9882366921202,76.116206190066,73.4448584906284,0,0
194,1,-217.497700093541,430.282971021902,32.5407656432974,28.3870267723799,32.2514109441555,15.3078482783499,-154.651641145662,436.012464759491,18.8083735351535,21.3174205667315,22.8768542949672,8.3016891542778,-366.395452827178,489.922706319959,59.6061098398935,50.8702316482328,194.49136327818,187.720829749551,-297.021709415246,420.886899734089,24.9616065949156,22.4968301276277,81.3968953189803,78.226256472988,0,0
195,1,-217.308453248391,430.204729657477,32.6428179651531,31.3801426458411,34.1370231262207,13.4396054795811,-154.50952500855,435.919834138683,18.8637181295154,21.7827070021045,23.4730550519096,8.74631288775145,-366.056317949523,489.910227930084,60.8575820382238,51.1988466522496,209.254924749415,202.894804352804,-296.871730547728,420.863866584472,25.4831149714022,25.35709905207,88.3798405022577,84.664123067968,0,0
196,1,-217.099252297419,430.111718010244,32.732415335017,34.3469771284575,36.0604447510838,10.9836623119609,-154.36430696187,435.861661408073,18.9220268821004,21.4859214047522,23.0037984026771,8.21765917642132,-365.714992305174,489.781920964074,62.2102140672425,53.8680637721541,227.668714404005,221.204148297024,-296.702683220715,420.773408153287,26.047542458522,28.6484520660167,97.3999025924939,93.0913917569635,0,0
197,1,-216.870272449896,430.008713847442,32.8056397504301,37.1789814774175,38.0457285272812,8.07470095256946,-154.221067485838,435.841500300078,18.9768112766098,20.1948419680988,21.2440568494632,6.59380840688719,-365.355871880027,489.545884396891,63.6849083892227,59.3559281065183,249.978046623859,242.828947188126,-296.511693540275,420.619540255775,26.6681517369018,32.4728400090549,108.789931153041,103.830456909472,0,0
198,1,-216.62241257338,429.901396531999,32.8594710901138,39.7875403644534,40.0899302785474,4.9146863059395,-154.086435206051,435.862268496895,19.0207699993224,17.7043010411907,18.1086529840295,3.80539584523021,-364.96016569265,489.213895626269,65.3037680371435,68.1298447183394,276.385594248652,267.856903899891,-296.295207940214,420.40851288402,27.3603547829649,36.9583005160962,122.869800303989,117.179656296237,0,0
199,1,-216.357162304284,429.7961909501,32.8922356654868,42.1196004857947,42.1569830950113,1.77495875729825,-153.968406532443,435.92594440559,19.0461393049573,13.859598239587,13.8604157784938,-0.150539662402416,-364.505966727861,488.80145505664,67.0894807298095,80.6350386998503,307.046563457767,296.269442678617,-296.048819270107,420.148885983759,28.1415524916065,42.262421871493,139.933583672189,133.399008755303,0,0
200,1,-216.076364967712,429.700069206017,32.9040687238688,44.1741535655893,44.1855952209442,-1.00547590366773,-153.876009210845,436.033240537564,19.0451357072079,8.58121025818832,10.0329824306335,-5.19841965968162,-363.968399803195,488.327753514348,69.0646103476669,97.2830536205862,342.056495640719,327.930867239215,-295.767069790964,419.851557151125,29.0308792166418,48.5755084107268,160.235896451107,152.695653160558,0,0
201,1,-215.781870610608,429.62031642901,32.8973655511776,46.0186309915514,46.1180146787744,-3.02603363746599,-153.818801142457,436.183274190638,19.0104795761434,1.88943424544732,11.3333881550404,-11.17478077212,-363.319846112391,487.815549934078,71.2508161292617,118.440586948091,381.435942349478,362.581308783873,-295.443233068225,419.529732308795,30.0488502377122,56.1231790110639,183.978741964629,175.209492529885,0,0
202,1,-215.475079737331,429.564269799122,32.8771919935945,47.8041309300863,47.9577440146358,-3.83539789233076,-153.806204914154,436.373260754214,18.9359810376626,-6.07258234263952,18.8289319528441,-17.8228062374222,-362.530242199404,487.290946707873,73.6680248544875,144.418963940282,425.116602841223,399.834076668907,-295.069078541485,419.198830677635,31.2169135212448,65.1680890007839,211.300061887885,200.999592859811,0,0
203,1,-215.15638553113,429.539042499735,32.8516226743123,49.7783172142988,49.8654906685463,-2.94725209772082,-153.846688796439,436.598258241738,18.8171623294131,-15.0190803316818,28.9862665595933,-24.7917501410104,-361.567449106469,486.783051283361,76.3335853656136,175.464545769628,472.932342010857,439.17786066437,-294.634624614813,418.876316362985,32.5569108069769,76.010440562743,242.264875426352,230.031916895902,0,0
204,1,-214.824530083035,429.551246516243,32.8319743269942,52.2948166968703,52.2950021688979,0.139278446904711,-153.94681599865,436.850993137142,18.6518839951397,-24.5068647619718,40.0226144655131,-31.6421119426868,-360.397685468005,486.323515208909,79.2614377700427,211.750352879594,524.616894454655,479.984035153894,-294.127888344395,418.581450701123,34.0904569196162,88.9869435195465,276.859626925998,262.168985398067,0,0
205,1,-214.475897971722,429.606729778509,32.8329028499736,55.8180090662915,56.1305381780303,5.91499619870604,-154.110195097063,437.121796937062,18.4409365821885,-33.9269934371686,50.8350868899949,-37.8571680851547,-358.986016448807,485.945945903685,82.4613313377353,253.369161153265,579.80866943012,521.519090084742,-293.534642054265,418.334962171295,35.8382501556033,104.467912343759,314.990203646874,297.162049535326,0,0
206,1,-214.10377791128,429.710343853794,32.8723361579649,60.9222566316873,62.7019154010277,14.8326950302522,-154.336375053311,437.398679608331,18.1885554616208,-42.5043441464055,60.3630303082523,-42.8611264046911,-357.296888707786,485.685191899408,85.9381252716336,300.32829748871,638.062118172725,562.961970629098,-292.838189305306,418.158634107189,37.8193304858388,122.852239736872,356.483990827511,334.646325107483,0,0
207,1,-213.697629533736,429.865758033949,32.9712207915,68.284861535011,73.531391231557,27.277154939485,-154.61973734762,437.667560444089,17.9028146189228,-49.3061011803178,67.4619769590932,-46.0437479102808,-355.294700057861,485.576508938985,89.6912050758276,352.546324475463,698.864563031871,603.425858379113,-292.019174373727,418.074814497648,40.0503059865554,144.560073315373,401.096235086577,374.13978003372,0,0
208,1,-213.242397123502,430.075334085076,33.1530684910965,78.6723573762487,89.9144216563052,43.5346230792419,-154.948444688822,437.912668559406,17.595856299521,-53.2597680285861,70.8941583414568,-46.7907982031162,-352.944391228025,485.654621776092,93.7140441316883,409.851762917643,761.657086582155,641.983683573124,-291.055440551624,418.105856637058,42.5445711867802,170.023138319854,448.520846244876,415.045879333945,0,0
209,1,-212.717914740994,430.340073086051,33.4432993116248,92.9201267794895,112.69403269739,63.7635871394004,-155.303509809013,438.117114792698,17.2839176448335,-53.1807883063635,69.3552680853214,-44.519175265278,-350.212046141907,485.952704338014,97.9939353555092,471.98395761238,825.857924751045,677.696433243275,-289.921952962825,418.273503999077,45.3115437156732,199.672791429785,498.40556309529,456.660576015678,0,0
210,1,-212.098447229131,430.659641728644,33.8683898925541,111.905763933098,142.342578737838,87.9687996978905,-155.658048397722,438.263624562268,16.987123143065,-47.8092674882689,61.5189481933317,-38.715047837359,-347.065486424491,486.501308548075,102.511911577131,538.596147142604,890.886737101862,709.643127654418,-288.59080101996,418.598237148833,48.3559475557777,233.926051446062,550.371137625665,498.183692613701,0,0
211,1,-211.35240880291,431.032480359595,34.4548485572067,136.517043210034,179.132321655971,115.980539639407,-155.976776847644,438.335407968652,16.7290228241493,-35.8546689422894,46.0975554411966,-28.9728723583462,-343.47484544354,487.327278964795,107.242865761494,609.260752744854,956.188120469399,736.951190304742,-287.03129401032,419.098604443878,51.6771721732024,273.17002187479,604.03386047834,538.734669158477,0,0
212,1,-210.44229518151,431.455989205305,35.2280521548028,167.615779008018,223.235059582642,147.440979562674,-156.215807973926,438.317130021789,16.5358703417603,-16.0467509467196,21.9882426659647,-15.0327841596726,-339.413107091908,488.452695890596,112.155873696859,683.476853991243,1021.25279779417,758.825847649278,-285.210160531155,419.790561373665,55.2687366342589,317.745286225338,659.030370205135,577.372463782519,0,0
213,1,-209.32485665479,431.926783029573,36.2109920185539,205.999233996867,274.748347426914,181.79925744217,-156.322786313571,438.195931343051,16.4356517806958,12.809537005279,13.199893920686,3.18637116917522,-334.856594731966,489.893893185172,117.214712681187,760.679768878813,1085.63507216942,774.577174426658,-283.091858622986,420.686845353287,59.117886392809,367.929005606538,715.043280662047,613.119189108714,0,0
214,1,-207.951528428144,432.440998411237,37.4229870681684,252.361020892324,333.688700700054,218.316431147713,-156.237389400202,437.962439167438,16.456894255157,51.7779234110563,57.743617711305,25.5611430422844,-329.785396272774,491.660598228558,122.378560510698,840.252601500322,1148.96540505305,783.643456988353,-280.638998585609,421.796413380343,63.2053476535337,423.918565988319,771.82575805419,644.986860491229,0,0
215,1,-206.269121622195,432.994632415191,38.8784299424865,307.253619354243,399.977795424123,256.080944675818,-155.892203244128,437.611701077897,16.6273018754389,101.736468813726,114.140675237569,51.7473154569576,-324.183712262772,493.755239989084,127.602850223954,921.539560567751,1210.9573641128,785.609684262882,-277.812874812353,423.123969027049,67.5052600568086,485.816696018591,829.222833581334,672.006432708971,0,0
216,1,-204.220764159834,433.583887193872,40.5856362403253,371.054674570841,473.432054745833,294.034587999419,-155.213960118703,437.143970676697,16.9722839784853,163.328134765598,182.388506200253,81.175658839029,-318.04011519232,496.17246680193,132.84024811904,1003.86078621884,1271.4086782867,780.220192711546,-274.574096838896,424.669602718142,71.9853029415351,553.618994291156,887.187024225575,693.258123006345,0,0
217,1,-201.747066329361,434.205492480212,42.5458668269881,443.93914660118,553.758445736452,331.008233038797,-154.125105886933,436.565276171473,17.5134550374121,236.919301483081,262.513944448586,113.061114512127,-311.347709950862,498.898908287432,138.04171607045,1086.52835154815,1330.19669985657,767.384780661807,-270.883303543622,426.428565197692,76.6070237615774,627.204759543312,945.785849985649,707.901874301299,0,0
218,1,-198.787472018687,434.85697740771,44.7525883805801,525.859138988274,640.556437181333,365.765929464397,-152.545643877046,435.887710144939,18.2671958008263,322.568956818697,354.247546872227,146.426065172457,-304.104187607207,501.913206072716,143.157614608196,1168.86303156368,1387.26914594354,747.177955195862,-266.70193848,428.391188690845,81.3263695902527,706.331905061759,1005.19918787423,715.206716407808,0,0
219,1,-195.281744425432,435.536864870007,47.1910279103427,616.532861783564,733.325086887723,397.055302697061,-150.395184164921,435.129391690418,19.2433695686427,420.010762469471,457.010389466009,180.137323977256,-296.311767396783,505.186326066867,148.138800976168,1250.21135998769,1442.63149617708,719.831361583998,-261.993059112921,430.542963804664,86.0944143663048,790.636561656751,1065.7051793012,714.577747037359,0,0
220,1,-191.171525346874,436.244765784529,49.8380632616565,715.443698914719,831.473929385884,423.66166799892,-147.595112415124,434.314070238426,20.4442850618244,528.649508138052,569.930080582767,212.955381003804,-287.977024996865,508.682151605924,152.937676720061,1329.96242945568,1496.33277413056,685.719845982015,-256.722148701876,432.864773061708,90.8582660132205,879.637739806617,1127.65463045755,705.579486876051,0,1
221,1,-186.401900687443,436.98135702097,52.6624743816493,821.849783432007,934.336311392518,444.462907630477,-144.070782360871,433.470362848458,21.8639876018497,647.572634354744,691.872857508966,243.593378794417,-279.110608800494,512.358342608714,157.509142359941,1407.56384058056,1548.4515641862,645.341987879894,-250.857897103165,435.3332745607,95.5621292590608,972.7471444489,1191.43541908135,687.954468557374,0,0
222,1,-180.92290213123,437.74823504914,55.6255604325191,934.803874846671,1041.18395073007,458.48198964576,-139.753631465172,432.630642053222,23.4879434604792,775.576597489369,821.487762421668,270.782357688555,-269.72684986329,516.167431851912,161.811422279141,1482.53617807493,1599.08397203762,599.296279253105,-244.372916140173,437.921422081699,100.148492382777,1069.28393357421,1257.43009959637,661.636096937738,0,0
223,1,-174.690876298919,438.547647000842,58.6821070301575,1053.18272336315,1151.24173276116,464.934058184926,-134.583120815243,431.829617639951,25.2931591784029,911.206933380446,957.259433353345,293.338622249733,-259.84327534279,520.058116510566,165.806730807495,1554.48539536088,1648.33483386456,548.254393635881,-237.244356583011,440.599101464565,104.559399695695,1168.49390566367,1325.97130969943,626.75506106682,0,0
224,1,-167.669658143164,439.382111102646,61.781667418057,1175.72453995889,1263.7020736626,463.265298848932,-128.50840792604,431.10268086274,27.2487499934011,1052.81001997544,1097.56585074121,310.228719741752,-249.480039373718,523.976692121428,169.461760098401,1623.11252895773,1696.31287741897,492.933156155939,-229.45439721192,443.333857713998,108.737766769474,1269.57231384737,1397.30032412944,583.638874411635,0,0
225,1,-159.831494543438,440.253948477566,64.8701027437166,1301.07270946129,1377.73852810408,453.181262319451,-121.489674459537,430.484101239003,29.3169414583461,1198.59381204286,1240.73734099297,320.627545708213,-238.659289180666,527.868567915728,172.74798113944,1688.22024374989,1743.12984206665,434.066878368249,-220.990581786271,446.091683372238,112.628692598885,1371.6892584993,1471.53389570877,532.80445225003,0,0
226,1,-151.157676480363,441.164757245015,67.8913111591796,1427.82351965741,1492.51864625058,434.662979926727,-113.499049045918,430.005182179879,31.4544584297342,1346.69427920238,1385.11340169023,323.965513450839,-227.404487555667,531.679797672433,175.641760328562,1749.7158295458,1788.90289832557,372.381652977811,-211.845986729609,448.837836499361,116.180722280551,1474.01642421099,1548.64334370708,474.943983185891,0,0
227,1,-141.63885301598,442.114866822484,70.7890643586911,1554.57545704757,1607.21633673371,407.969976112285,-104.521087184569,429.692490517868,33.6142285194065,1495.24396181399,1529.09446196866,319.961510625958,-215.739715358695,535.358559271437,178.124304681747,1807.6104234124,1833.75918546493,308.573018016564,-202.019210568202,451.537656237259,119.347015501791,1575.75381672208,1628.44795975848,410.904692997494,0,0
228,1,-131.275016635663,443.102814633246,73.5088641994396,1679.97755181457,1721.024124313,373.630113703994,-94.5527941058093,429.566275404953,35.7473052569129,1642.43898616069,1671.18644330447,308.639441782966,-203.688979202612,538.856519116494,180.181458135191,1862.01441221041,1877.84098834373,243.288113611216,-191.514185123388,454.157345401231,122.086380121774,1676.15512978191,1710.62266598955,341.663410834392,0,0
229,1,-120.075166290233,444.124888550219,75.9997316241329,1802.77434188114,1833.16568029471,332.417032754657,-83.603200864738,429.63918368599,37.804901535466,1786.6010476935,1810.03682564947,290.327412738914,-191.275549787876,542.130024397126,181.803378892599,1913.12916322963,1921.3100329528,177.113092473158,-180.339817591509,456.664692707211,124.364136194003,1774.55043392646,1794.71796704423,268.297108972114,0,0
230,1,-108.056670677692,445.174776130502,78.2158451758307,1921.84525841728,1942.90885412737,285.316697978865,-71.692527213448,429.91536213552,39.7404176203921,1926.23125659011,1944.46173120472,265.639925942901,-178.521355366345,545.141076328962,182.98413284242,1961.23542332353,1964.34957604878,110.566139590873,-168.509481365333,459.029711847937,126.152783587151,1870.36502488693,1880.18893418818,191.950779949963,0,0
231,1,-95.2443689549099,446.243356099071,80.1179564956898,2036.23659308377,2049.57917633756,233.485196668199,-58.8509855028473,430.390013086765,41.5113504600114,2060.05330648336,2073.46421037198,235.444698688385,-165.446452544189,547.858050362546,183.721240439693,2006.67890337421,2007.16334217987,44.0960422663835,-156.04038119942,461.225180325366,127.432455453484,1963.13348853491,1966.42937143057,113.804125661503,0,0
232,1,-81.6694583343515,447.318659008587,81.6745244734777,2145.18466342323,2152.57348703736,178.200384146505,-45.1172967929582,431.049440844309,43.0809817846006,2187.04412817325,2196.24438432534,200.816774955494,-152.068593188361,550.256143994166,184.015214054802,2049.85371129325,2049.97084542935,-21.9141371626876,-142.952824609187,463.227067307415,128.191149624561,2052.50831627382,2052.80736764773,35.0385544165704,0,0
233,1,-67.3682272448633,448.386013187125,82.8625270344544,2248.1293148949,2251.37303173619,120.810229447749,-30.5370026051366,431.871594195911,44.4197602843039,2306.45097353239,2312.20234374648,162.983389086673,-138.402901779739,552.317548238034,183.869119807051,2091.18440172599,2092.99914452412,-87.1390667648001,-129.269435834028,465.014846348111,128.424739987338,2138.26272008645,2138.69894777977,-43.1940866645292,0,0
234,1,-52.3806984788973,449.428379839667,83.6679285641061,2344.71745142424,2345.55511653842,62.6807602554578,-15.1606627815873,432.827077904064,45.5063162115484,2417.79468743628,2420.93474535499,123.263500972302,-124.461672434899,554.031353976325,183.288192695285,2131.10746663103,2136.47154980504,-151.299863832776,-115.014351033452,466.571695136233,128.136779409574,2220.28762838323,2223.51728967758,-119.799769379913,0,0
235,1,-36.7492488027357,450.426868459897,84.0858002991425,2434.79683637093,2434.80227520376,5.14635167115713,0.95796846798789,433.880575830894,46.3280728846971,2520.85971598455,2522.22594355147,83.0060398429683,-110.254289324025,555.393218285449,182.2795269364,2170.05309489402,2180.59417748696,-214.150723162285,-100.212433510897,467.884590099778,127.338114280375,2298.58317032111,2306.73579775234,-193.766482521343,0,0
236,1,-20.5172698935962,451.361411522688,84.1201093102835,2518.40092006989,2518.9078989511,-50.5352272123162,17.7636999078849,434.99260263885,46.8814464836502,2615.67212050185,2616.03431980756,43.5306838951217,-95.7872686913986,556.404827559013,180.851855448652,2208.42798264974,2225.5414987215,-275.464712769426,-84.8885457087564,468.944308340566,126.046337730232,2373.24525653927,2387.90410656233,-264.183599890507,0,0
237,1,-3.72793042646363,452.211566676936,83.7832077955348,2595.72590007215,2597.77742240811,-103.221064071013,35.2015140445639,436.121481654965,47.171651042951,2702.46747838093,2702.47430541071,6.07451220285142,-81.0644154737337,557.073203111926,179.015424030189,2246.59988477187,2271.44214469455,-335.01996125251,-69.0669106651613,469.745352744569,124.285113730962,2444.44812000302,2466.65676799373,-330.255960889391,0,0
238,1,13.5769089073507,452.957406101237,83.0950673683947,2667.10158269119,2671.4244315398,-151.913268129717,53.2179639004367,437.225434711082,47.21214779097,2781.65102181325,2781.79449816472,-28.2528381728945,-66.0870829085879,557.409900489994,176.781957621839,2284.88447111795,2318.36620657631,-392.587342433579,-52.7705898651411,470.285818054909,122.083407325033,2512.42387721179,2542.71493391684,-391.312530312802,0,0
239,1,31.357586125292,453.580446867366,82.0823122475299,2732.95787251553,2739.96143166665,-195.780269884801,71.7623040458584,438.264666103436,47.0237955364841,2853.75267193904,2854.35229027288,-58.5037125901458,-50.8545197678016,557.430155715408,174.164708672281,2323.53489984214,2366.31512553443,-447.920576161236,-36.0210973503959,470.567216163732,119.474657122948,2577.44029717174,2615.88178200679,-446.809816309251,0,0
240,1,49.5773052753956,454.06457338025,80.7771104482979,2793.78886021959,2803.58544566643,-234.169074955628,90.7873218587853,439.203327080728,46.6337707858831,2919.37975818326,2920.58556248779,-83.9157632509171,-35.3642871021873,557.152030219691,171.178571497873,2362.7343565707,2415.21502785933,-500.74942943352,-18.8381620359176,470.594277942482,116.495925014219,2639.77801789548,2686.03275377662,-496.330505406041,0,0
241,1,68.2025643435262,454.396903279677,79.215983281927,2850.11650556651,2862.55905946953,-266.608840154338,110.249853580007,440.01125866712,46.0743323642103,2979.17017140249,2980.9822386942,-103.92399740176,-19.6127247250493,556.595601540801,167.840241968316,2402.59164432039,2464.9140547389,-550.77644093699,-1.2396419166144,470.374746750436,113.187054978179,2699.70842743574,2753.10188972031,-539.578003641717,0,0
242,1,87.2033410473029,454.568551417538,77.4385910142314,2902.45582623505,2917.18794920216,-292.806604646393,130.110988056024,440.665427844144,45.3815057148652,3033.7484971223,3036.048790774,-118.162245105921,-3.59544709624673,555.782239483628,164.168399028736,2443.13975523103,2515.18389969881,-597.677325748413,16.7584142662906,469.919175580386,109.589868287234,2757.47333312616,2817.06566395956,-576.367740386326,0,0
243,1,106.553046555537,454.575252288714,75.4865469832555,2951.28331462057,2967.79627002444,-312.636365788139,150.335978036839,441.150993495799,44.5937574141591,3083.68733376186,3086.27907491946,-126.455351339492,12.6921512719602,554.733998011547,160.183883523747,2484.33721990319,2565.72543294092,-641.104964138898,35.141569820465,469.240735916626,105.747416684659,2813.26738773146,2877.92574529344,-606.616188828982,0,0
244,1,126.228268653007,454.4178090712,73.4023045446679,2997.01002995051,3014.7015245701,-326.122925629816,170.893893595251,441.461962239199,43.7507217385625,3129.47555030703,3132.12510066348,-128.803828501717,29.2543994046481,553.473142398685,155.909850429488,2526.07191930701,2616.17799032446,-680.696654572885,53.8966857386747,468.355042124885,101.703308759132,2867.22403717738,2935.69204808918,-630.328582444309,0,0
245,1,146.208335519344,454.102346609214,71.2281517071358,3039.9604718956,3058.19063067844,-333.422049183403,191.757063930632,441.60141850193,42.8920295485511,3171.49471346148,3173.97142178775,-125.362948318996,46.0948788666949,552.02181991481,151.371872732335,2568.16696120456,2666.13165806388,-716.084127395513,73.0115126531906,467.279990906262,97.5011182095036,2919.40551661397,2990.36729168134,-647.586263536782,0,0
246,1,166.474738665314,453.64035560536,69.0053380459131,3080.35795712886,3098.49885670139,-334.79847809209,212.900362020375,441.58133631178,42.0562765597577,3210.00435310243,3212.11475055714,-116.418313895242,63.2159919413919,550.401871306924,146.597978549698,2610.38816874053,2715.1417062854,-746.905679259353,92.4742160972837,466.035611353479,93.1838764525917,2969.7971663186,3041.93407099801,-658.53449660936,0,0
247,1,187.010458379507,453.048525345901,66.7733481919658,3118.31681623104,3135.79308547265,-330.603249392319,234.300391041058,441.42200086186,41.2801544671228,3245.13617356552,3246.75011743218,-102.359855716992,80.6185797329954,548.6347702858,141.618607354636,2652.45270220943,2762.7442206681,-772.819701726644,112.272863872741,464.643917740978,88.793646475196,3018.30608300418,3090.34516881759,-663.371428186484,0,0
248,1,207.79923715438,452.348371899926,64.5693265293504,3153.84132925801,3170.16051964263,-321.251599474509,255.934632198161,441.151084992175,40.5977554290095,3276.8967906965,3277.96444439183,-83.6559730087739,98.301597747725,546.741669715993,136.466476009792,2694.03833336393,2808.47194937402,-793.518839591364,132.394904426102,463.128754605028,84.3711702872861,3064.76388093122,3135.51753104266,-662.338691014864,0,0
249,1,228.8248460161,451.565677436308,62.4276491995203,3186.83094703758,3201.60348386226,-307.202511191721,277.780610802804,440.802438670579,40.0400489422844,3305.17810991068,3305.73781988939,-60.829233221795,116.261853303485,544.743526701374,131.176350412516,2734.79291135804,2851.86941490676,-808.744021100881,152.82666363231,461.515622110617,79.9555790138537,3108.93312407811,3177.33000416498,-655.713950878702,0,0
250,1,250.070385663018,450.729763735054,60.3796324582422,3217.09102186396,3230.04046059758,-288.94071042297,299.815131535542,440.414658133536,39.6345207208057,3329.77408196284,3329.95212948374,-34.4346880607059,134.493806045871,542.661274557656,125.784723605177,2774.34359642211,2892.50642696444,-818.297646961192,173.552884459498,459.8314692757,75.5841526746623,3150.51681580191,3215.62462396956,-643.805495183705,0,0
251,1,271.517659142111,449.872628899535,58.4533610554224,3244.3480116864,3255.31297236964,-266.961658566414,322.013625415294,440.029505678336,39.4049561337343,3350.40229721337,3350.40609029882,-5.04150164101631,152.989430022019,540.516007911079,120.329405958769,2812.30548756,2929.98926133082,-822.055299936569,194.556329898177,458.104443375827,71.2921160401043,3189.1702029536,3250.21097084647,-626.948779090925,0,0
252,1,293.146645886687,449.027980591297,56.6736166649796,3268.26793730542,3277.19745042285,-241.759837523454,344.34964073005,439.690251579097,39.3713461227942,3366.72871489528,3366.83523535658,26.7817538293166,171.738133272419,538.329147844502,114.849037292525,2848.28933025217,2963.96893043512,-819.975433629767,215.817464584535,456.363585756879,67.1124575128314,3224.51407110652,3280.87289055149,-605.504689652937,0,0
253,1,314.935098802056,448.230201804932,55.0618844148233,3288.47676850436,3295.42085619645,-213.820397674457,366.794498829352,439.440006817729,39.549891148323,3378.39377246805,3378.93505106358,60.4780741686099,190.726728807433,536.122556971246,109.38253440166,2881.9080563067,2994.14615378303,-812.106609509032,237.314225058578,454.638467243451,63.0757595818119,3256.14867731929,3307.37673474435,-579.85916973008,0,0
254,1,336.858277258752,447.513286357821,53.6364150969935,3304.58139341114,3309.67858012036,-183.614046380958,389.317123979139,439.32010996985,39.9530783094471,3385.03817529924,3386.38531511902,95.509445713494,209.939449182811,533.918579270701,103.968490338266,2912.7819783712,3020.27283289159,-798.591968140764,259.021882907373,452.958760183047,59.2100317836113,3283.66748514441,3329.48021093023,-550.423765821727,0,0
255,1,358.888819881493,446.909781029751,52.4123214544538,3316.1898820336,3319.65304620232,-151.594899183211,411.884045147801,439.368624375538,40.589807947537,3386.32681592866,3388.87371144837,131.361059177911,229.357995705286,531.739986084179,98.6445438839946,2940.542534712,3042.1500387025,-779.670737893339,280.912999475003,451.353748690464,55.5405400114665,3306.66992991394,3346.94094712062,-517.636627486502,0,0
256,1,380.996752428384,446.449769826361,51.4016887932324,3322.92988223176,3325.03149678142,-118.20089830318,434.459557253992,439.618993317043,41.4655483420564,3381.96949771132,3386.11698889404,167.542767755311,248.961612603366,529.609817385548,93.4467389647057,2964.83455480757,3059.62272326619,-755.676697633188,302.957465674429,449.851783583518,52.0896291615565,3324.77254566873,3359.52396678102,-481.963487147686,0,0
257,1,403.149618309929,446.159933345898,50.6136828045446,3324.46417366857,3325.52160185799,-83.8563200857568,457.006020572067,440.098891883443,42.5825001270918,3371.73741986767,3377.87824274885,203.588296078556,268.727176302083,527.551115801731,88.4088943138178,2985.31709254251,3072.57156501675,-727.03361622624,325.122615978887,448.479693525827,48.8765392472386,3337.61792226303,3367.00742357164,-443.898181315395,0,0
258,1,425.312712801052,446.062712882996,50.0546406706395,3320.50263959038,3320.86380514848,-48.9758391309923,479.484270037852,440.829304966482,43.9397554342822,3355.47469954321,3363.97928971741,239.052718815371,288.629290252367,525.586559335424,83.5620035389762,3001.66295071973,3080.90254030492,-694.247789433886,347.373402127307,447.262168690632,45.9172180384693,3344.88112504719,3369.18614865384,-403.96232941196,0,0
259,1,447.449397064988,446.17560487283,49.7281350764329,3310.81018334407,3310.83965474904,-13.9695856752272,501.85410136814,441.823851717582,45.5334402263847,3333.10454210515,3344.30753738747,273.508712886214,308.640376590498,523.738006815703,78.9336849427503,3013.55709716341,3084.53497353931,-657.897883507152,369.672609627622,446.221137506212,43.2241358423895,3346.2733922374,3365.87279953065,-362.703855816697,0,0
260,1,469.521464953949,446.510606711895,49.6350045052647,3295.2104014244,3295.27574104211,20.7513817626353,524.074798315508,443.088368009168,47.3568316456261,3304.63000638695,3318.81718594185,306.542060066842,328.730757238254,522.025977283058,74.5476990527026,3020.69424700916,3083.38894337082,-618.622374463789,391.981098909205,445.375160431251,40.8061101369449,3341.54311814993,3356.89665120466,-320.694116587659,0,0
261,1,491.489534296778,447.073830019493,49.7733470503489,3273.58511262106,3274.04325218176,54.7697688757452,546.105665024754,444.620750108256,49.4004453794051,3270.12963228991,3287.52501835673,337.7468494907,348.868718884982,520.469090372698,70.4235498896107,3022.77595504144,3077.3730013523,-577.104942861679,414.258053030204,444.738866968435,38.6681493596938,3330.47432498882,3342.1003204453,-278.523468509957,0,0
262,1,513.313435047585,447.865292148499,50.1384788428539,3245.87011895183,3247.05353547352,87.6574761599215,567.90652924002,446.411054963696,51.6520910426764,3229.74849191156,3250.50141888588,366.720810936768,369.020558585258,519.083498940497,66.5761836038661,3019.5076223153,3066.37318198411,-534.058245860122,436.461215196796,444.322463043281,36.8113262362941,3312.88301256228,3321.33494508332,-236.795191057483,0,0
263,1,534.952569173931,448.878891333871,50.7228620172534,3212.04782467777,3214.2504012005,118.972322833601,589.438185852764,448.44184529334,54.0968964489215,3183.6854820944,3207.85759637648,393.061203544199,389.150609400693,517.882347423626,63.015795298132,3010.59586809459,3050.24424168491,-490.206541106581,458.547101947212,444.131335310359,35.2326916292442,3288.61194458641,3294.45453607104,-196.117740560745,0,0
264,1,556.366221338449,450.10256540472,51.5160108361441,3172.13755189056,3175.60020533448,148.256588407351,610.662755733393,450.688761107506,56.7173044725495,3132.17788737107,3159.7302692492,416.361689247834,409.221248521324,516.875289597375,59.7477516907548,2995.7467461077,3028.80395680031,-446.267679665813,480.471181577788,444.165776840835,33.9252400255059,3257.52457223753,3261.31036512551,-157.095381675543,0,0
265,1,577.51380501772,451.518628608749,52.5043880921931,3126.18455327352,3131.08098092296,175.037847254659,631.5439416492,453.121293519065,59.4930490675351,3075.48440012794,3106.26528304618,436.21062942992,429.192893495375,516.068097455185,56.772633826316,2974.6652879112,3001.83114160195,-402.935016581392,502.188012059371,444.420855023678,32.8779374810023,3219.4989002842,3221.74633130922,-120.317307039574,0,0
266,1,598.355035372876,453.104275939824,53.6713070738908,3074.24882465518,3080.67203681567,198.832498662103,652.047170983386,455.703731790049,62.4011199304012,3013.86788258229,3047.60176819131,452.191246953881,449.023995414783,515.462388997655,54.0864003824401,2947.05683087002,2969.06782746911,-360.859806205262,523.651338061266,444.886437500611,32.0758221007385,3174.42215865349,3175.59625484938,-86.3454252588461,0,0
267,1,618.850027537244,454.83223955363,54.9968570649715,3016.39485403094,3024.34548997047,219.152292437067,672.139623533935,458.396250680208,65.4157282434271,2947.57918684161,2983.85849262726,463.884081772552,468.671040953917,515.055496983671,51.6806683410717,2912.63053006148,2930.22579090415,-320.634653513368,544.814152452289,445.547385764071,31.5001859323462,3122.1871438936,3122.68396912561,-55.7010730560503,0,0
268,1,638.959326564117,456.671577528236,56.4578723478853,2952.68340462748,2962.06113016275,235.514014144617,691.790151446212,461.156102408352,68.5082887885774,2876.84331004986,2915.12400906611,470.87212452542,488.088577820993,514.840493496571,49.5431039843159,2871.10536008363,2884.99735084513,-282.778580664235,565.62873341158,446.383918970477,31.1288454453058,3062.6910340798,3062.82692131192,-28.8509909756579,0,0
269,1,658.643882594967,458.588571484609,58.027965775516,2883.16631535592,2893.76582574184,247.452323141969,710.969106846545,463.938875982367,71.6474362854136,2801.84904840728,2841.45203015015,472.748928696438,507.229280221551,514.806376925169,47.6579134465543,2822.21878428489,2833.07009528532,-247.724238679844,586.046673638778,447.372142914332,30.9365055054681,2995.83735403056,2995.84375509818,-6.19299248812801,0,0
270,1,677.864991364006,460.547706510716,59.6776479297958,2807.88511442456,2819.39836729862,254.535533313351,729.648100502593,466.699786299222,74.7990958100565,2722.74312626075,2762.86318295049,469.129871254361,526.044072116784,514.93841913658,46.006418522022,2765.73810799086,2774.14496112703,-215.807746278,606.018922665649,448.484731370671,30.8952188888806,2921.54157631599,2921.56604914257,11.9581503422866,0,0
271,1,696.58422546017,462.512704486457,61.3745514852182,2726.87398700355,2738.90022528472,256.383897832962,747.799721344332,469.394956180045,77.9266282850856,2639.62951760147,2679.35390147768,459.666552155717,544.482326170056,515.218661748573,44.567700213502,2701.47434450486,2707.95689218878,-187.261570896878,625.495866507755,449.691739558685,30.9749398911625,2839.74059339816,2839.8540428806,25.3839924357255,0,0
272,1,714.763385373527,464.44758031016,63.0837774707713,2640.16732625795,2652.2321926686,252.689717217861,765.397251461675,471.98265622296,80.9910719661237,2552.57435466767,2590.91272703946,444.064097882297,562.492155133422,515.626542026809,43.3192897408562,2629.29821663241,2634.29714522456,-162.210780627837,644.427470463743,450.961522712323,31.1441665074007,2750.40599830432,2750.61582210007,33.9741854779797,0,0
273,1,732.364500881914,466.317689680983,64.768375585557,2547.81174403876,2559.39633083512,243.238350657262,782.414413826126,474.424469798489,83.951499285339,2461.61644449672,2497.54372655706,422.100872123991,580.020809910971,516.139621546848,42.2378845366706,2549.15770365905,2553.0362042579,-140.672890520194,662.763510452438,452.26172703368,31.3706610772539,2653.5607813434,2653.82908749921,37.7359957216058,0,0
274,1,749.349912508839,468.090736980738,66.3899645899387,2449.88204264781,2460.46208041634,227.928993940026,798.825190122771,476.686353416828,86.7655050994989,2366.78300711336,2399.29614208411,393.649812217853,597.015194602031,516.734384827148,41.300065266536,2461.0963378521,2464.14619734398,-122.561403776979,680.453915661394,453.560315966879,31.6222343820646,2549.29870877668,2549.5643171067,36.8008219111138,0,0
275,1,765.682459459824,469.73771240745,67.9094912162056,2346.50027575486,2355.59488610078,206.793915061641,814.603743503527,478.73956581175,89.3898371809513,2268.10983158372,2296.2987892949,358.700322819088,613.422503521045,517.387071027539,40.4829892413561,2365.27127103986,2367.72168339652,-107.693010077407,697.449240386572,454.826592009728,31.8675731948053,2437.80531993527,2438.0078823335,31.427001376905,0,0
276,1,781.325794631523,471.233728836679,69.2881173166165,2237.85668092433,2245.0852608068,180.014732547846,829.724475714085,480.561442217653,91.7811726664119,2165.66464564137,2188.79716661789,317.379393177234,629.190978661311,518.074499778388,39.7650358408401,2261.96998676403,2263.99768691983,-95.7982534133603,713.701275852807,456.032173345163,32.077086537318,2319.3791884334,2319.48350806765,21.9982831111516,0,0
277,1,796.244839171018,472.558730942329,70.4882155336022,2124.23097595968,2129.37591718248,147.93430112766,844.16224001836,482.135993367611,93.8970352875934,2059.57214100592,2077.19075083672,269.970389772488,644.270778573071,518.7748523918,39.1263808180843,2151.62444270284,2153.36390446557,-86.5353258439058,729.163803775697,457.151885509305,32.223741758059,2194.45186817464,2194.47039555195,9.01749515027284,0,0
278,1,810.40637901075,473.698051937138,71.4744442077866,2006.01230371337,2009.08444799758,111.062849487725,857.8927209584,483.45431173855,95.6968378860767,1950.03882073568,1962.06755518915,216.927842264903,658.614941524424,519.468372103332,38.5494786457916,2034.82140580244,2036.37409020182,-79.506488624909,743.793482896861,458.164531118254,32.2838583923942,2063.60481185844,2063.61636372835,-6.90486220618851,0,0
279,1,823.779794368839,474.642796953169,72.2148632043714,1883.71601001817,1885.01905053646,70.07720375858,870.892979763304,484.51477067059,97.143023501176,1837.37566641598,1844.23270355223,158.88651709318,672.180417563107,520.137951458624,38.0194353882922,1912.30780030608,1913.74975327285,-74.2764770330073,757.550848309251,459.053505268706,32.2378259776863,1927.58153091971,1927.74451587916,-25.0671131041212,0,0
280,1,836.337901102293,475.390036635409,72.6820445627619,1757.99546703167,1758.18495421776,25.8122283773353,883.142150872744,485.323005452819,98.2022669484639,1722.01658714549,1724.72748503214,96.6631844140579,684.929136231814,520.76958122235,37.5242588747388,1784.99003396817,1786.37747184106,-70.3921198402185,770.401391848715,459.807230443606,32.0707118903255,1787.29337697086,1787.85220347884,-44.6977194075606,0,0
281,1,848.057870882504,475.942800006625,72.8541260852775,1629.64732235228,1629.77949618754,-20.7559857236717,894.622261453714,485.891669617217,98.846688177891,1604.53072788766,1604.83500815449,31.2497465989743,696.829069791602,521.352642863497,37.0549780758041,1653.92650211448,1655.29935229029,-67.4023092778391,782.316681028521,460.419392350553,31.7727270942751,1643.8175725859,1645.10143150993,-64.9808280479458,0,0
282,1,858.922186364853,476.309862069566,72.7157528471197,1499.60886601299,1501.17414754577,-68.5351751657684,905.319132972965,486.239964827397,99.0550198218841,1485.62699103688,1486.06804257859,-36.2031859935591,707.855246472365,521.880035290102,36.6056293472851,1520.31278825622,1521.69643867931,-64.8774024903449,793.275464845761,460.888966781053,31.3395215739554,1498.38649964315,1500.80031546857,-85.0851608549593,0,0
283,1,868.91957880494,476.505328857922,72.2588516793479,1368.94665467348,1373.8821584992,-116.349654493243,915.223312913211,486.392949116038,98.8136652485937,1366.14955913604,1370.13379429736,-104.412625424799,717.99066506074,522.348135540258,36.1731133306828,1385.45947175792,1386.86520410912,-62.4271293980939,803.264708176715,461.22003692002,30.7722871682557,1352.36775072246,1356.37573907767,-104.195068810225,0,0
284,1,878.045889836096,476.548030546595,71.4831873160596,1238.83609410897,1249.51079954975,-162.979661689106,924.330976640785,486.380635886524,98.1175810790951,1247.06378148384,1258.86924368189,-171.999120926302,727.227061539126,522.756602032996,35.7569324680289,1250.76289800202,1252.18762301656,-59.7161302953857,812.280493181531,461.421410119049,30.0776533761875,1207.23503587438,1213.33794571043,-121.542332782421,0,0
285,1,886.304797130156,476.460741492908,70.3966562381322,1110.53232361205,1129.69740594704,-207.205664054605,932.64473518401,486.236904914283,96.9709202729197,1129.43247049673,1154.13984109126,-237.531192439685,735.565480859139,523.108037203066,35.3588249327263,1117.66973762986,1119.09571559883,-56.4763513167939,820.328726754027,461.506052497134,29.267371157638,1064.53067543997,1073.23839266943,-136.437123053018,0,0
286,1,893.708345954236,476.269254305861,69.0152851444349,985.333423476408,1016.0286981771,-247.855522633081,940.174284987322,485.998256192878,95.3873789899885,1014.38339778357,1057.69548397117,-299.576466221995,743.016612443338,523.407533395145,34.9823159239477,987.636625546116,989.03185046198,-52.5156844012116,827.425597923627,461.49036835493,28.3577903372846,925.821052888324,937.622770349178,-148.296451427616,0,0
287,1,900.277235444079,476.001342746044,67.3629149935477,864.537624312095,909.943566668816,-283.85205771804,946.936840972546,485.702447274872,93.3902025485085,903.069524829675,970.984103768641,-356.757008473969,749.600856613646,523.66213136263,34.6322113612729,862.086590002906,863.406462924971,-47.7224429149469,833.597738276216,461.393358799852,27.3691473277672,792.646997755344,807.981605794143,-156.668478805159,0,0
288,1,906.04081960616,475.685654906428,65.4705679420941,749.396774352783,812.621583846459,-314.258354101798,952.95730447141,485.38706398037,91.0118224920154,796.624180333669,894.938913342222,-407.805804178739,755.348100546998,523.880224298537,34.3140617418399,742.364318548124,743.55516805286,-42.0655023112392,838.882051594585,461.23569973647,26.3246908023994,666.471564263929,685.701313474219,-161.251187058763,0,0
289,1,911.036798101845,475.350583166882,63.3755122480821,641.068758401201,724.86433615231,-338.318123705296,958.268132340301,485.088082095621,88.2931171308238,696.113934783551,829.78077015785,-451.620987470596,760.297196003986,524.070941844609,34.033625059765,629.692524834405,630.697500804788,-35.5901909109527,843.325195356344,461.038783110095,25.2496828886743,548.62801627097,572.018938562666,-161.904187212497,1,0
290,1,915.310589824519,475.023160349023,61.1200580900468,540.571807042704,646.985346919329,-355.488622263652,962.908891905525,484.838483046176,85.2823105476865,602.492257958971,774.901411672453,-487.31435122666,764.495146169549,524.24354794414,33.7963571203587,525.131749035353,525.899702710643,-28.4102704354296,846.982715464817,460.823766735151,24.170321640591,440.270983154261,467.984242720861,-158.652805923495,0,0
291,1,918.914401871471,474.72803191516,58.7501339416224,448.743649068035,578.735513325423,-365.463995224078,966.925506958585,484.666988667638,82.0335482061754,516.557127108257,728.893154275789,-514.250877280509,767.996024496451,524.40688383224,33.6069553174558,429.545826924772,430.044144070695,-20.6965799351156,849.917855352512,460.610677057629,23.1126362677677,342.333688027503,374.433444488135,-151.684047917825,0,0
292,1,921.906026198591,474.486551693419,56.3137073067952,366.208226678123,519.298073988279,-368.187485340282,970.369221139307,484.596978454083,78.6052090243054,438.915557284747,689.748000279377,-532.076533463767,770.859663342616,524.568883136605,33.4689781178884,343.574995422892,343.808277802905,-12.6631120171574,852.200079939362,460.417605804552,22.1014092816489,255.493862300079,291.98042115141,-141.33454164762,0,0
293,1,924.347414376445,474.316043393455,53.8591240711934,293.352221123229,467.379433101958,-363.85163026813,973.295324854538,484.645646650697,75.0580321345469,369.957556800875,655.179411839559,-540.732344015371,773.150163312102,524.736180348509,33.3845573711073,267.618179501073,267.65688021817,-4.55143149512161,853.903372354696,460.260035830971,21.1591790039981,180.150463986587,221.03483007864,-128.071099133688,0,0
294,1,926.3030958506,474.229262238548,51.4334465360725,230.31296292325,421.393926298565,-352.886355971486,975.761708566544,484.823446226972,71.4531498411111,309.841310103593,622.970165212307,-540.453688393315,774.934284508776,524.913827257117,33.3542144944732,201.825457599307,201.853851752662,3.38557708757499,855.10437544794,460.150323907162,20.3053716764402,116.412648121212,161.865017978293,-112.465014126705,0,0
295,1,927.838515603422,474.234080738488,49.0808708295959,176.978487781741,379.702719848619,-335.93566396399,977.827317300568,485.133852467164,67.8501252518223,258.490528448328,591.253373750962,-531.754829479148,776.279787559438,525.105124805352,33.3767850083903,146.101075137597,146.507086242657,10.8996404964493,855.880459768748,460.09735915209,19.5556049155955,64.1016516797151,114.737786486393,-95.1616409049867,0,0
296,1,929.018372188633,474.333410538645,46.8412997365026,132.999626292934,340.8439853137,-313.824348530298,979.550587490224,485.573461405838,64.3050930552947,215.603977248469,558.678745457783,-515.399714416804,777.253794727022,525.311570711143,33.4494492783667,100.116722164267,101.680080571691,17.7617771675163,856.30780411328,460.106405878301,18.9211939762289,22.7654206635009,80.1482453340646,-76.84710047974,0,0
297,1,929.90503636392,474.525359168593,44.7491374129673,97.8131684277628,303.699402970399,-287.516802025027,980.987947338547,486.13241876918,60.8690949591826,180.676286010538,524.464781102579,-492.36103246542,777.92123954145,525.532916557777,33.5678611261501,63.3341676088378,67.6495659821175,23.7749235722116,856.45957358437,460.179129401198,18.4088799730306,-8.29500408694344,58.8021370160749,-58.2141239292909,0,0
298,1,930.557124153438,474.803607282412,42.8323587328005,70.6744024639647,267.572821524516,-258.070423828365,982.19245591195,486.795154924713,57.5866880760798,153.028361503351,488.36517625901,-463.770272827069,778.343467325509,525.767322277597,33.7263606166315,35.0358000602284,45.3433458227537,28.7838795950361,856.404273557123,460.313793537059,18.020785813502,-29.9890451479882,49.9366793554405,-39.9290510300458,0,0
299,1,931.028286836531,475.157979600937,41.1118892406114,50.6967559310624,232.18863626773,-226.586411220829,983.212644988639,487.54138224504,54.4948862572327,131.845125225158,450.583219814828,-430.862043968902,778.577039325911,526.011591330785,33.9182531472651,14.361204079762,35.6982847724163,32.6821564935969,856.20434658947,460.505609694459,17.7545921399684,-43.3923652753947,48.925876739417,-22.6018594484469,0,0
300,1,931.366265209405,475.575172172898,39.6013131658058,36.8959036427384,197.635298605349,-194.160767276016,984.09161249014,488.347294910881,51.6224726307734,116.217922366468,411.661732932603,-394.916164371498,778.672780686443,526.261466610145,34.1361341905557,0.347628433797809,35.4172435132791,35.4155374454621,855.915064154301,460.747210198569,17.6039130769787,-49.6975223484355,50.1552835035109,-6.76082359955501,0,0
301,1,931.612237900356,476.039590574459,38.3069080506324,28.2355702090399,164.282855315257,-161.838218988915,984.86639863925,489.186898970029,48.9896982016301,105.188812574158,372.367087135056,-357.201009643989,778.675098209335,526.511965274067,34.3722377735255,-8.02791025266174,37.843679809225,36.9823844347327,855.583747338645,461.029213198241,17.5588409196484,-50.1623420955866,50.6717488253429,7.16697736175984,0,0
302,1,931.800475035083,476.534248847962,37.2279865907063,23.6723334047667,132.699944734329,-130.571420929955,985.567657389744,490.033393498146,46.6083581373368,97.7940390065669,333.578303219582,-318.921323077711,778.62157880765,526.757730314202,34.6187870030904,-11.8071011703478,39.2489759276889,37.4309293676429,855.249331724674,461.340843455081,17.6066207687268,-46.0588233721751,49.7738545370615,18.8685289582239,0,0
303,1,931.958290591115,477.041677634182,36.3575104511733,22.1970032729303,103.59338237375,-101.18736046234,986.219617649788,490.860522519946,44.4822159834854,93.1042485403054,296.187056905173,-281.173205661374,778.542864799848,526.993377603982,34.868326532208,-12.0114183758233,38.761945152304,36.8539580044146,854.942272902193,461.670572589642,17.7324109617816,-38.6251788447908,47.7951201848026,28.1508272114277,0,0
304,1,932.106270612935,477.544792057586,35.682928048091,22.8705693144263,77.7998586089749,-74.3623228443713,986.840312640057,491.643821918901,42.6077279457429,90.2594576199533,261.011244969542,-244.908350839047,778.462788677342,527.213819276505,35.1140195855708,-9.6075330071983,36.6626481506779,35.3814227941161,854.684771709894,462.006743874763,17.9200831431911,-29.0232460429138,45.4219838302031,34.9400601631382,0,0
305,1,932.258741075031,478.02767516459,35.1871792291285,24.8532264444748,56.3796668320475,-50.6061653100918,987.442042357523,492.361695325341,40.9750056068159,88.4972746559754,228.723209583277,-210.908840451368,778.398738457294,527.414547315516,35.3498957375315,-5.47840240493542,33.6209447055814,33.1715997501682,854.491283402942,462.338150173877,18.153016877612,-18.3030200762744,43.3300662600624,39.2745986381643,0,0
306,1,932.424429251327,478.476240530322,34.8498047937279,27.4255592946076,40.8361235827807,-30.2560355407991,988.032024188563,492.996266923371,39.5689466704735,87.1734505552411,199.793780530142,-179.773035399694,778.362215774595,527.591864943296,35.571039735866,-0.400946727432938,30.4040781333453,30.4014343224185,854.3692632691,462.654538749955,18.4148475351998,-7.37550475897137,41.9462283030561,41.2927112018876,0,0
307,1,932.607266313291,478.878747309728,34.6480978901226,30.0015360682437,32.8903964225544,-13.4790953100961,988.613180525598,493.533975953353,38.3704597678088,85.7743875990025,174.455163963327,-151.912338753267,778.359542796412,527.743057467821,35.7737159646821,4.96922418863051,27.7059769438336,27.2567050351903,854.320093237373,462.947022958292,18.6901322765457,3.00550120634853,41.3256045463898,41.2161685946575,0,0
308,1,932.807276553746,479.22615169474,34.558237254722,32.1334957117358,32.1347446228897,-0.283311352041338,989.185009776258,493.965895958264,37.357710842787,83.9217543837719,152.688857966993,-127.557933851307,778.392670957669,527.866498423957,35.9554273315834,10.1060020750424,25.9696171191998,23.9225779417076,854.340129912082,463.208387779466,18.9649067338434,12.2526296862986,41.1953717750984,39.3310528902928,0,0
309,1,933.021499858491,479.512289621911,34.556348512375,33.5097723451213,34.8208477153319,9.46501943962517,989.744488138817,494.28778007596,36.5073246171117,81.3698009130178,134.246671766018,-106.776047780524,778.460044304836,527.961690844677,36.1149111845281,14.6142458795509,25.2370439952468,20.5750384444368,854.421814109991,463.433283241657,19.2271137531121,19.9456372576378,41.1274030764111,35.9671355294847,0,0
310,1,933.244898340792,479.733895884998,34.6194486419725,33.9459653030474,37.5356450315597,16.0186169059489,990.286953478237,494.499850585961,35.7954842985748,77.9963230041801,118.709169183817,-89.4898901895612,778.5574726107,528.029247098818,36.252078107491,18.2252028013124,25.1793425236179,17.3735797339727,854.554785025042,463.618306554855,19.466894656642,25.8244540807141,40.7150213731586,31.4771430858942,0,0
311,1,933.471204776146,479.890473890216,34.7262394213455,33.3711186168955,38.763845376949,19.7231881465726,990.806928964931,494.606365370784,35.1988850306444,73.7884784484265,105.57425450137,-75.5061829374661,778.678973962709,528.070813750363,36.3679019723842,20.7868139899176,25.3189749324874,14.4554092221732,854.726948052247,463.761979831519,19.6767422772146,29.7758020000401,39.6728481344371,26.21710308849,0,0
312,1,933.693678900258,479.984037648199,34.8577273423227,31.8102169334736,38.1111703764734,20.9897929029786,991.298852154587,494.615005129133,34.695510477728,68.8248070431769,94.3546420437704,-64.5441276234912,778.817552722642,528.088950205649,36.4642713671986,22.2499998199169,25.2471539140988,11.9313154671183,854.925453398914,463.864635287746,19.8515229644712,31.8148143849726,37.8630807557593,20.5287717598226,0,0
313,1,933.905747013148,480.018752901009,34.9976592950092,29.3644408771854,35.6795889450153,20.267281003024,991.757684201542,494.536132584434,34.2652162935714,63.2548581703418,84.6575360020641,-56.2647431327178,778.965886054774,528.086971454989,36.5438134703128,22.6521027280285,24.7142858220314,9.88322648186859,855.13755216148,463.928223598148,19.98838144287,32.0631968191833,35.282737900406,14.7249109838755,0,0
314,1,934.101509952329,480.000507390226,35.132774501696,26.1905657788645,31.7888728207281,18.0162898343525,992.179383256011,494.38197839604,33.8901180060199,57.2777939565071,76.2279939358093,-50.2987214445227,779.116900072961,528.068765979138,36.6097016468586,22.0986716308119,23.6283224561664,8.36339250819478,855.351306806941,463.956063515992,20.0865475160958,30.7254697123085,32.0384642248428,9.07792381795218,0,0
315,1,934.276113724188,479.936441207909,35.2528831005917,22.4807505274271,26.8526270267675,14.6860285292611,992.561235215721,494.165808132488,33.5547931963898,51.1212278126038,68.9522308235906,-46.2712675694277,779.2642245505,528.038599928311,36.6654575969132,20.7447106786503,22.0233907280144,7.39504685704446,855.55614327169,463.952551969932,20.1470670082155,28.0647442923509,28.3224636998923,3.81209625228287,0,0
316,1,934.425985394371,479.83446710928,35.3507899574534,18.4437680220697,21.3201931397141,10.6947677236484,992.902043401138,493.901120893862,33.2463180792603,45.0213939101161,62.8280314874263,-43.8227752541437,779.402522621691,528.00091808661,36.7147579092935,18.7763992580074,20.0298423451644,6.9743397734868,855.743241566972,463.922853702435,20.1724809832307,24.3793197971911,24.3959470458474,-0.900554545864196,0,0
317,1,934.548943847852,479.702807895363,35.4220884089444,14.2884963269069,15.6623287700624,6.41462510342521,993.202186027206,493.600923558839,32.9541662442326,39.2055401136531,57.9131396190201,-42.6246098507523,779.527698616744,527.960151035395,36.7612535077834,16.3941340847828,17.8549502519976,7.0733030552546,855.90577036562,463.872588288765,20.1664772862583,19.9811722179902,20.5830308265798,-4.94104389810008,0,0
318,1,934.644200490031,479.549573869714,35.4648525763006,10.2102405336154,10.4364050404197,2.16091147745914,993.46355629463,493.277115897083,32.670002178561,33.877211705169,54.2637206919639,-42.3896910866148,779.636992843976,527.920536472805,36.8084088614851,13.7975627348794,15.7733049142097,7.64358623250239,856.038978180407,463.807530287589,20.1335369936043,15.1771547009901,17.2703004256437,-8.24119238788938,0,0
319,1,934.712268760255,479.382398356491,35.479258652817,6.3802079117238,6.63307219501553,-1.81399937912481,993.689404372665,492.940011707402,32.3874042379835,29.204861161395,51.8791250001533,-42.8779628168733,779.728976595542,527.885960987036,36.8593661030351,11.1730852228845,14.1122076927455,8.62070603636056,856.140159211747,463.733335574231,20.0785957110184,10.2534669631893,14.8767962214911,-10.778936916531,0,0
320,1,934.754803479667,479.208143769072,35.4671653236228,2.93822858951671,6.07971956687237,-5.32257482498437,993.884103447074,492.598010493507,32.1015511525377,25.3139935091951,50.6730772001069,-43.8971808382318,779.803463830361,527.85982686521,36.9168374766108,8.68410900526442,13.1905335879895,9.92856621675884,856.208515658168,463.655303853362,20.0067361315748,5.46369398862225,13.7077310364004,-12.5717913665868,0,0
321,1,934.774391670264,479.032685150561,35.4316814914563,-0.0113874074713749,8.24031567183373,-8.24030780362115,994.052863403802,492.257423694487,31.8089032802828,22.2828482026273,50.4835667698628,-45.2997261557492,779.861357890396,527.84494687721,36.9830279180559,6.46416370674388,13.1783295637797,11.4840305495939,856.244940284759,463.578184186884,19.9229241891309,1.02047789593485,13.7071405945423,-13.669101219263,0,0
322,1,934.774315754214,478.860772834391,35.3767461060988,-2.40113037864376,10.7718624422991,-10.5008377466071,994.201415725153,491.922449772975,31.5069051059112,20.141435250855,51.1121780785934,-46.9763486658282,779.904452315108,527.843468508215,37.0595881217199,4.61282316094298,13.9840676966365,13.2013640139942,856.251743470732,463.50602732427,19.8317968476692,-2.90931747681498,14.439842968027,-14.1437242888985,0,0
323,1,934.758308218356,478.69597119376,35.3067405211214,-4.19910517563267,12.7972820377417,-12.0887527593826,994.335691960158,491.59528403472,31.193729448139,18.8735910337357,52.3672213948161,-48.8478601179722,779.935204469514,527.856827896427,37.1475972151465,3.19424963597044,15.3328078813824,14.9963917923774,856.232348020886,463.44208586565,19.7375053524099,-6.20625469633751,15.3905403915568,-14.0837188337573,0,0
324,1,934.730314183852,478.540666583385,35.2261488360588,-5.40585696415974,14.107667727029,-13.030847983892,994.461515900383,491.276342277827,30.8680770473525,18.4216008954991,54.0894669731199,-50.855826194087,779.956499467087,527.88573280076,37.247573160429,2.23807145021055,16.9387657128971,16.7902596781637,856.190972989577,463.388760952255,19.6436138935181,-8.79721110120499,16.1842708271627,-13.5845389707486,0,0
325,1,934.694275137424,478.396134663475,35.1392765161662,-6.04972629895997,14.6901341382291,-13.38659227387,994.58432657302,490.964572478897,30.5290382060586,18.692852023571,56.1557708909244,-52.9532613497873,779.971419943422,527.930173279781,37.3595082249501,1.74223129741904,18.59451015165,18.5127101712879,856.132324915569,463.347592341904,19.5530503003798,-10.6520141138162,16.6080524322686,-12.7421348647722,0,0
326,1,934.653943628764,478.262655389043,35.0500325676738,-6.18125502047633,14.6104580909422,-13.2384882822404,994.70894558651,490.657825816022,30.1760164637267,19.5679303645647,58.4679141274274,-55.0962166002329,779.983034818738,527.989458378527,37.4829262927587,1.67739724141143,20.17466787364,20.1048144061613,856.061311488144,463.319287414527,19.4681027346147,-11.7783691003808,16.564667343161,-11.6472411121595,0,0
327,1,934.612735261961,478.139663027825,34.9617759791255,-5.86713727665824,13.9742444577804,-12.68291008967,994.839398455607,490.353257384406,29.8087083530584,20.9095573121374,60.9367031040511,-57.2369827838759,779.994217467014,528.062276938357,37.6169583887998,1.99250875657526,21.6131607267687,21.5211204507597,855.982789027475,463.303783843013,19.3904544605336,-12.2156286813379,16.0308191742983,-10.381020148267,0,0
328,1,934.57362101345,478.025918552941,34.8772232451944,-5.18415835145447,12.9086140651572,-11.8218788384173,994.978795504355,490.047727855214,29.4271284678326,22.5717729132498,63.4687257159483,-59.319425246364,780.007500858725,528.146780591899,37.7604325251382,2.62103264523716,22.8818045707601,22.7311937277182,855.901351502932,463.300340297592,19.3212476595452,-12.0279259924303,15.0296122842641,-9.01211638495223,0,0
329,1,934.539059957774,477.919692507842,34.7984107196049,-4.21349482524533,11.5519376525604,-10.7561017513909,995.129273990443,489.738179851739,29.0316656328568,24.4088094793199,65.9592939143316,-61.2767368050832,780.024974409693,528.240686996829,37.9119738166563,3.4875239546011,23.9755432094745,23.7205364369245,855.82116532965,463.307649538981,19.2611668836455,-11.2971447496534,13.6128866912552,-7.59507765426601,0,0
330,1,934.510969992272,477.818947792827,34.7267033745956,-3.03566961789556,10.0489511729764,-9.57946395409728,995.291999386972,489.421966691588,28.6231540541563,26.2831597972649,68.2919818741758,-63.0316610869029,780.048224569391,528.341401316047,38.0701107262358,4.51412089259406,24.9034248291715,24.4908815845662,855.745851031319,463.323968491267,19.210533032617,-10.1161325110013,11.8492726217957,-6.17001820787433,0,0
331,1,934.49073219482,477.721513588312,34.6628402815683,-1.72637082192182,8.55111483970199,-8.37503485288202,995.467220452287,489.097116043099,28.2029429802436,28.0724245321892,70.3433284725591,-64.4990142675288,780.078318708674,528.446153796761,38.2333832701329,5.62664623039382,25.6837693055058,25.0598654812119,855.678410147912,463.34726026017,19.1693995778979,-8.58248625647775,9.8157236474988,-4.76333500621546,0,0
332,1,934.479223056007,477.625243621615,34.6070067158824,-0.353259233219205,7.22118468763066,-7.21253881840624,995.654369949169,488.762516612315,27.7729495517934,29.6746204549095,71.9906169023534,-65.5901351030662,780.115829683544,528.552150985475,38.4004490400076,6.7600372795539,26.3422549820727,25.460092174216,855.621193572869,463.375343472516,19.1376440111898,-6.79315667152309,7.5917044831999,-3.38924761508785,0,0
333,1,934.476867994452,477.528154023867,34.5589231237597,1.02618953457636,6.23221504435938,-6.14714888369114,995.852200752201,488.418021844967,27.3356819844396,31.0117407787914,73.1207824391109,-66.2187341949153,780.160896598741,528.656737613992,38.5701829878357,7.86287933215703,26.9118881881492,25.7376155550467,855.575905861725,463.406044671516,19.1150490270892,-4.84003395795298,5.25702096475309,-2.05191147706607,0,0
334,1,934.483709258016,477.42853795658,34.5179421312018,2.36583317689565,5.73055440924017,-5.21939529221171,996.058945690727,488.064470433251,26.8942237564735,32.0314763600152,73.6389882083514,-66.3075041495871,780.213315794289,528.757565505899,38.741767091536,8.90087120155272,27.4339534280945,25.949880395644,855.543638968672,463.437349746681,19.1013696172421,-2.80659755716215,2.90452650101065,-0.747853158851797,0,0
335,1,934.499481479195,477.32505588851,34.4831461625871,3.63108590351544,5.74805874205606,-4.45593923470895,996.27248886646,487.70362881895,26.4521737288096,32.707126182936,73.4759264016927,-65.7947996230741,780.272654935632,528.852765015337,38.9147662941737,9.85910459802994,27.9591494005261,26.1631819877866,855.524928318291,463.467550473066,19.0963839295164,-0.765638182502926,0.932042180081517,0.531508042220175,0,0
336,1,934.523688718552,477.216801783651,34.4534399010223,4.79834930506513,6.16509324131084,-3.87094544273587,996.490536374346,487.338065580261,26.0135417313225,33.035841032887,72.5933004695262,-64.6407029688627,780.338382299619,528.941113578459,39.0891875074256,10.7430905897388,28.5482382229661,26.4497241992405,855.519824063741,463.495382179506,19.0999273164645,1.22200423244294,2.17351099884609,1.79745812691046,0,0
337,1,934.555677713919,477.103346469007,34.4276335980708,5.853818077901,6.80387958757949,-3.46779344153028,996.710775314565,486.970971330116,25.58260371153,33.0354486329099,70.987202724792,-62.8318556491298,780.410002903551,529.022195014082,39.2655190020872,11.5785160344103,29.2716876219999,26.8843758097681,855.527970758624,463.520148388273,19.1119103706439,3.10779647077197,4.36273535612669,3.06187212075475,0,0
338,1,934.594703167772,476.984760072813,34.4045149751272,6.79184901551935,7.52546348275456,-3.24089302209458,996.931011638785,486.605940355263,25.1637246738692,32.7401947949852,68.689259844478,-60.3845515241161,780.487193010447,529.096542351621,39.4447481741523,12.4097608467764,30.2079828028377,27.541242904821,855.548689401763,463.541828025376,19.132322851449,4.85511207746754,6.50912436956088,4.3355030588895,0,0
339,1,934.639982161208,476.861615681821,34.3829090216466,7.61308970721757,8.24954995393803,-3.17741082524385,997.149279604085,486.246731582461,24.7611609970417,32.1957969018285,65.7655216289835,-57.3457452387577,780.569924749425,529.165756300533,39.6283564601844,13.2972537455146,31.4405443681193,28.4901890655551,855.581056815612,463.561160569513,19.1612262051749,6.43825218276675,8.55051852423948,5.62674647238186,0,0
340,1,934.69073609259,476.734976312911,34.3617262828116,8.32255888489613,8.93781573475432,-3.2587672079881,997.363918250097,485.897026550611,24.3788560287834,31.4542382574075,62.3131470020501,-53.791813363609,780.658573107729,529.232591118033,39.8182910539548,14.3137899332885,33.0535002826679,29.7934438875739,855.623978496831,463.579704380266,19.1987378483241,7.84107590995973,10.4717999051662,6.94090209036897,0,0
341,1,934.746219818489,476.606367007526,34.3400011680917,8.92785434857615,9.57553063042792,-3.46182084817705,997.573613171813,485.560200964306,24.0202439396926,30.5687315500961,58.4550091540179,-49.825101571542,780.753998373951,529.300999687354,40.0169140132053,15.5399785355144,35.1268399105722,31.5024435436161,855.676252336231,463.599863517741,19.2450105289266,9.05542737775136,12.2701945754016,8.27991001910569,0,0
342,1,934.80573884748,476.477733432409,34.3169223624372,9.43763827266366,10.1589612979169,-3.75971787331544,997.77740471548,485.239124258037,23.6880765958823,29.5892464940721,54.3324024924678,-45.5684809107849,780.857598230854,529.376130177751,40.2269303034961,17.0590291000906,37.7315851955761,33.6550449046392,855.736621852082,463.624878725515,19.3002099290539,10.0795316955157,13.9490066649078,9.64250111416831,0,0
343,1,934.868656435964,476.351387910493,34.2918575766151,9.86051520949331,10.6875747883663,-4.12243795105205,997.974666358774,484.935998636071,23.3842867231438,28.55893315147,50.0960940701074,-41.1583038806377,780.971325091521,529.464267784175,40.451297269527,18.9511227105243,40.925463421403,36.2732477766638,855.803818730052,463.658778967345,19.3644932698151,10.9165067485264,15.5149454336393,11.0246728848606,0,0
344,1,934.934393204027,476.229943413887,34.2643746569414,10.2043773707919,11.1594654049648,-4.51711750999202,998.165059246451,484.652245548042,23.1098980306062,27.5116837891687,45.8960477932785,-36.7362825844927,781.097665909591,529.572716766826,40.6931189213714,21.2876415837059,44.7492481534077,39.3615488274907,855.876595441709,463.706291029912,19.4379910890475,11.573103435785,16.9765331595889,12.4203846552046,0,0
345,1,935.002422386499,476.116235817695,34.2342605402081,10.4762471835727,11.5690464233213,-4.90826650597214,998.348470471712,484.388443818665,22.8649894800429,26.4709700062838,41.8703238289344,-32.4408964806192,781.239583520149,529.709620312779,40.955529246888,24.1255489977107,49.2236739066641,42.9060363868381,855.953749464614,463.772706237622,19.5207936534155,12.0587473001933,18.3431462577177,13.8223597183007,0,0
346,1,935.07226403439,476.013234709977,34.2015387635017,10.6826013277214,11.9064988905851,-5.25801718373664,998.524943605087,484.144319974679,22.6487168368388,25.4499773878933,38.1340120726297,-28.3989705396372,781.400420513468,529.883718560157,41.241569489467,27.5022173726029,54.3467905080029,46.8743178948863,856.034141113282,463.86370523996,19.6129427182042,12.3849124288313,19.6245349898831,15.2228879552904,0,0
347,1,935.143481376575,475.923943322948,34.1664853156101,10.8301162336375,12.1587073831612,-5.52654933889514,998.694610121006,483.918787977138,22.4593903665745,24.4529467109089,34.7696471623632,-24.7180452493453,781.583768629285,530.104048349662,41.5540649420995,31.4309955810927,60.0917809612682,51.2163514502777,856.116707196141,463.985144053569,19.7144286379061,12.564817425374,20.8306876596311,16.614539158223,0,0
348,1,935.215682151466,475.851288704336,34.1296416533508,10.9267351006736,12.3115593725382,-5.6728259468489,998.857629765746,483.71003279344,22.2946033982456,23.4775279227449,31.8211983185786,-21.4800918309733,781.793308599826,530.379591745621,41.8955072851014,35.8977871317393,66.4054720359776,55.8662294715273,856.200472645644,464.142806956475,19.8251922322943,12.6133963647476,21.9718889710962,17.990723640364,0,0
349,1,935.288527052137,475.798004061289,34.0918228137051,10.9829234525989,12.353625845209,-5.65574610089321,999.014146618564,483.515630181878,22.1514027860391,22.5178686791367,29.293859738155,-18.737017065367,782.032627180704,530.718883910294,42.2679488149116,40.8588792916362,73.2078903123906,60.7449354845531,856.284561954742,464.342134292572,19.9451303898967,12.547467775687,23.058824549987,19.34607045488,0,0
350,1,935.361746541821,475.766506222739,34.0541178396992,11.0129563032501,12.2814053225483,-5.43578054739342,999.164265743092,483.332693784264,22.0264893389366,21.5680992488103,27.1607372751515,-16.5082629044752,782.305019709315,531.12959430566,42.6729150514753,46.2402203055319,80.3932215763673,65.7640639066866,856.368211739913,464.587935577174,20.0741041929292,12.3860041720775,24.1026181918086,20.6766318424782,0,0
351,1,935.435166250509,475.758772288133,34.0178793027165,11.0360669024658,12.1064574109787,-4.97710140223617,999.308053071417,483.158040124031,21.9164342529068,20.6258437798112,25.3750470439219,-14.7806488643791,782.613287844685,531.618098205775,43.1113421441865,51.938288581232,87.8324509877854,70.8304569078472,856.45078510106,464.884100312989,20.2119484052124,12.1503950587339,25.1147532499646,21.9799620273399,0,0
352,1,935.508740029859,475.776220643329,33.9846986267016,11.0772859762051,11.8646570584396,-4.25015558724056,999.445558696616,482.988362314149,21.8178965938109,19.6953853600121,23.8838914860783,-13.5104429253591,782.959543101893,532.18905789829,43.5835451902388,57.8226351716978,95.3778446526494,75.8516717837232,856.531787734785,465.233320445686,20.3584814853947,11.8645984201976,26.1069138403313,23.2551554411904,0,0
353,1,935.582588603034,475.819602493987,33.95636425612,11.1678119975636,11.6267983582012,-3.23456569717564,999.576861265682,482.82040406366,21.7278269743085,18.7901375187039,22.6389667287021,-12.6274916975413,783.345027336371,532.845034519154,44.0892230021303,63.740110537816,102.869315179026,80.7421470734383,856.610885057587,465.636839242759,20.5135158550026,11.5550893049431,27.090868130896,24.5029599689586,0,0
354,1,935.657040683017,475.888910753766,33.9348004848055,11.3447773950099,11.5064651711694,-1.92217756542057,999.70212884914,482.651126770666,21.6436436963249,17.9341242558792,21.6014119118571,-12.0411039261526,783.769961406623,533.58615201599,44.6275039826199,69.5207103734958,110.142610919214,85.4298868620688,856.687918986286,466.094241435715,20.6768689214623,11.2505381636709,28.0785840821232,25.7261010470815,0,0
355,1,935.732672532317,475.983313399024,33.9219859677027,11.6503121822575,11.6547065312662,-0.320016227530218,999.821689677513,482.477863923693,21.5633696701506,17.1622395598661,20.7412971103712,-11.6472717453686,784.233432809113,534.409834139709,45.1970365617004,74.9848958635027,117.039185859519,89.8634320455137,856.762922574044,466.603298639707,20.8483762617762,10.9811841661667,29.0827972346554,26.9299589546812,0,0
356,1,935.810341280199,476.101118157366,33.9198525261858,12.1298541189731,12.2281225932644,1.54713322255553,999.936104607912,482.298458523408,21.4857211918481,16.5191405597227,20.0350597235561,-11.336737330228,784.73333211487,535.310633553739,45.7961261086704,79.9521645595462,123.41754486465,94.0188372756293,856.836130468485,467.159882333188,21.0279093214741,10.7779071605364,30.1182264780159,28.1237316766449,0,0
357,1,935.891206974326,476.239774566247,33.9301667476696,12.8297113616895,13.3346724971853,3.6348310803838,1000.04623221164,482.111380618632,21.4101429429799,16.0567212433762,19.465160701714,-11.0033714858703,785.266346545267,536.280169137799,46.4229183571746,84.2505732789391,129.165815012348,97.9063259956892,856.907983182889,467.757954088353,21.215400865985,10.6710431137856,31.2035550356165,29.3221876012769,0,0
358,1,935.976738383403,476.395918001319,33.9543989548721,13.7939471887194,14.9941635746709,5.87809171915588,1000.15327701993,481.915823187087,21.3367871330741,15.830212105999,19.0249093730544,-10.5523249254379,785.828017033793,537.307183446168,47.0756271971459,87.7268487127139,134.215259896569,101.576257088161,856.979123470314,468.389639407883,21.4108821166602,10.6890283680741,32.3641722879936,30.5480657396412,0,0
359,1,936.068698031328,476.565458270859,33.9935862329998,15.0607236954215,17.1444121809369,8.19179289289131,1000.25881176731,481.711775381084,21.2664383002379,15.8930519889111,18.7282262729412,-9.9074395182738,786.412862691878,538.37772724313,47.7528022444003,90.2566695194423,138.554406984101,105.124009160486,857.050383659434,469.045387628326,21.6145358882578,10.8569944336125,33.6355322775453,31.8351174563924,0,0
360,1,936.169102855964,476.74371289939,34.0481981856191,16.6583087310073,19.6767721033624,10.4726362788988,1000.36476544723,481.500072544003,21.2003887034494,16.2907789842279,18.6199912806709,-9.01746058373973,787.014573822007,539.47547234235,48.4536289721369,91.754669909227,142.243346157191,108.693376412012,857.122763622325,469.71421613467,21.8267700046338,11.1954641398654,35.0668604551249,33.2317060180815,0,0
361,1,936.280158247504,476.925582431365,34.1180157608118,18.6010137204221,22.4684040947066,12.6028358370526,1000.47337064046,481.282422377254,21.1402722995578,17.0542848721766,18.7786768146884,-7.86066602834428,787.626271621402,540.582147944781,49.1782514815503,92.1837024561967,145.427483094484,112.47807715579,857.197400049924,470.384032869578,22.048314711421,11.7193191177535,36.7248702328721,34.8047935353387,0,0
362,1,936.404165005641,477.105762168249,34.2020346663921,20.885385041305,25.4000787600679,14.455611114515,1000.58706587294,481.061406244824,21.0878678593688,18.1928688721996,19.301612439132,-6.44761699772918,788.240829637777,541.678089658248,49.9281053292556,91.5629090278514,148.349450559741,116.721005700493,857.275528844043,471.042027101193,22.2803466683233,12.4372158655149,38.697172431509,36.6440556667589,0,0
363,1,936.543400905916,477.278981929393,34.2984054071555,23.4870138290432,28.364193484006,15.9024417430928,1000.70835166542,480.840453941647,21.0448837460506,19.6876073030126,20.2694829473723,-4.82183135708638,788.851249031296,542.742884751125,50.7062453672589,89.9741834213728,151.356863081635,121.710912902541,857.358443616479,471.675114904359,22.5246403727683,13.3516220073943,41.0951908366314,38.8657805745725,0,0
364,1,936.69998099811,477.440262925266,34.4044216854428,26.3583540088518,31.2688222838949,16.8219030126156,1000.83960238078,480.62378946919,21.0127382036701,21.4856205442061,21.7021881302092,-3.05828047591827,789.451076920772,543.756092271567,51.5176514532758,87.5666658245507,154.90222434385,127.776281613779,857.447454429862,472.270423034795,22.7837455765988,14.4596256314855,44.0565972615984,41.6161385626774,0,0
365,1,936.875703358169,477.58517886217,34.5165677055269,29.4279417506686,34.0403816463968,17.1097582376724,1000.98283985107,480.416344640057,20.9923496671639,23.4958606373084,23.5296054160783,-1.25970788221803,790.034854692935,544.698012719929,52.369493330701,84.5589841666708,159.530220107046,135.276270365882,857.543851934072,472.815792987852,23.06118650035,15.7546394507847,47.7474244430787,45.0733610542112,0,0
366,1,937.071889636506,477.71010713759,34.6306327604447,32.6013875963497,36.6251451333826,16.6898407072662,1001.13947892199,480.22363687798,20.9839516146158,25.5870541673971,25.5909957694946,0.449136403530481,790.598581254047,545.55047917799,53.2713351331402,81.2390460937365,165.848374989035,144.588730115052,857.648882863744,473.300286101958,23.3616755740447,17.2290792891545,52.363923335296,49.4483497592466,0,0
367,1,937.289232220482,477.812455561726,34.7418983651598,35.7644621849829,38.9887971196612,15.5251262621928,1001.3100592831,480.051607595051,20.986945857306,27.5884077827357,27.6557751949684,1.92915982959434,791.140174894672,546.297640260504,54.2352600005739,77.9612822324452,174.48137819198,156.095450953722,857.763743392338,473.714670572653,23.6913312391064,18.8780448141927,58.1338019107313,54.9832551654545,0,0
368,1,937.527661968382,477.890850520861,34.8453992069078,38.7885159013706,41.1130050114038,13.6282873185458,1001.49398200165,479.906418196438,20.9998069228367,29.2936108411538,29.4505386863764,3.03621356376471,791.659916776221,546.926704953701,55.2758963402654,75.1413410056045,186.017030449674,170.164962578066,857.889597024433,474.051872086849,24.0578862735427,20.7039715437816,65.3158654128331,61.9476217214318,0,0
369,1,937.786252074391,477.945273886314,34.9362544556981,41.5383616135557,42.9883846172559,11.0709406313379,1001.68927274059,479.794202218596,21.0200483465951,30.4685463835654,30.6842158310111,3.63163633044401,792.160859049592,547.428620251688,56.4103294241191,73.2483323787562,200.958260392005,187.133386180853,858.027623501391,474.307371308163,24.4708704183523,22.722159088579,74.1966789582051,70.6317963439998,0,0
370,1,938.063174485148,477.977138211774,35.0100607265737,43.8826097246931,44.6042121476791,7.99076373480219,1001.89239638315,479.720774415763,21.0442592554647,30.862946408763,31.0714571146381,3.59360351132647,792.64918126545,547.798654347613,57.6578853319915,72.7948082738124,219.694659826967,207.284006727161,858.179104561982,474.479533447456,24.9417490606456,24.9670135988765,85.0830777515412,81.3374351183286,0,0
371,1,938.355725216646,477.989292739893,35.0633324848057,45.7062802524945,45.9367413865632,4.5956669479434,1002.09814935921,479.691300750153,21.0682166122069,30.2260029679928,30.3580804398581,2.82874399191329,793.134479987276,548.036860805611,59.0397787101726,74.3247478096578,242.49740516296,230.826392281731,858.345551319308,474.569857437845,25.4839986281011,27.4987748995784,98.290170174616,94.3651150159702,0,0
372,1,938.660433751663,477.98595629843,35.0939702644587,46.9253344137485,46.9397757422447,1.16427526388385,1002.29965604566,479.709937095162,21.0870749054863,28.3256803608538,28.35474041252,1.28340794610917,793.629978306007,548.148402455833,60.5786213253841,78.3998840141294,269.530301074423,257.876019404365,858.528876485305,474.583134623939,26.1130993948743,30.4104335991781,114.125503404899,109.999254796256,0,0
373,1,938.973269314421,477.97257711402,35.1017320995512,47.5025777247595,47.5429096656063,-1.95789912283075,1002.48849391474,479.779448808841,21.0956309584604,24.9711779981851,24.993080106876,-1.04609875808883,794.152644199434,548.143717567288,62.2977947880799,85.5847642442541,300.865029132278,288.435458784149,858.731612709299,474.527509242354,26.8464277601826,33.8344838213459,132.870794135827,128.490760908434,0,0
374,1,939.289953165919,477.955623691033,35.0886794387323,47.4641998124639,47.6646744487797,-4.36702718913651,1002.65496843472,479.900827863244,21.0886569667398,20.0376851182909,20.453855939879,-4.1050454211307,794.723209294396,548.038515052576,64.2206978466409,96.4309791272512,336.491681795008,322.37822225112,858.957175934775,474.414435248864,27.7030328329055,37.9491069007713,154.762864518545,150.038026911244,0,0
375,1,939.606381164669,477.942314963822,35.0595659241381,46.9160468080304,47.2507958006961,-5.61446842593192,1002.78855300218,480.072928531013,21.0612899972656,13.4922680870432,15.5718137809652,-7.77432224032513,795.366082488578,547.8535899838,66.3698859949817,111.461024794585,376.321748343891,359.436361861656,859.21016998078,474.258526239079,28.7032863456472,42.9833445750603,179.975309525168,174.76711397692,0,0
376,1,939.919154810056,477.940301699029,35.0221361346319,46.058585424214,46.3540192869293,-5.22511366128917,1002.87850145609,480.292146285209,21.0094611823301,5.41946172118628,13.0465904426462,-11.8677275343995,796.109155987208,547.614455532101,68.7661284073927,131.152281136497,420.185485523381,399.192837357101,859.496725611281,474.077297377145,29.8684004388266,49.2208012286824,208.602221763089,202.71211027194,0,0
377,1,940.226212046217,477.957314372148,34.9873020435566,45.1994288629976,45.2812051923622,-2.72014229988571,1002.9146312009,480.552167088735,20.9303429987674,-3.95507759052407,16.6108739799286,-16.133148968196,796.983504528118,547.350792595316,71.4274139897734,155.921595308274,467.827631642684,441.079526893876,859.824864286139,473.890800496795,31.2198145073062,57.0014178474196,240.645179557975,233.796793835745,0,0
378,1,940.527541571971,478.00079525462,34.9691677615574,44.7622677200343,44.8242574190202,2.35657415044876,1002.88826401696,480.843815175445,20.8227886723128,-14.2446333016949,24.7649452882054,-20.2581573009011,798.022981830173,547.095723866865,74.3679441690659,186.110955090476,518.905359640888,484.381548636352,860.204873738455,473.721155994112,32.7784597995445,66.720889303059,276.004680341561,267.818794152046,0,0
379,1,940.825956690104,478.077534033781,34.9848782558937,45.2910956651465,46.4719458229758,10.4095341886246,1002.79329979495,481.155026349729,20.6877342903068,-24.8870140747897,34.4910673615608,-23.8803320366561,799.263721530776,546.884924922752,77.5971544933082,221.974720963385,572.991305423969,528.248293271915,860.649679667142,473.591987901068,34.5639184272248,78.827354340001,314.477207204863,304.437451801066,0,0
