ID,class,LTOE_X,LTOE_Y,LTOE_Z,V_LTOE_X,V_LTOE_Y,V_LTOE_Z,LHLX_X,LHLX_Y,LHLX_Z,V_LHLX_X,V_LHLX_Y,V_LHLX_Z,LHEE_X,LHEE_Y,LHEE_Z,V_LHEE_X,V_LHEE_Y,V_LHEE_Z,LPMT5_X,LPMT5_Y,LPMT5_Z,V_LPMT5_X,V_LPMT5_Y,V_LPMT5_Z,FS,FO
171,2,68.7307315256901,365.13411040646,49.8666972007954,2062.6696480037,2066.2098051399,-120.900298016954,106.091758112529,346.984620880633,39.3251273611336,2059.9796787018,2060.41962275636,42.5763452527541,-76.6624268395013,334.928992478691,64.0703989125875,1974.38551565999,2043.95487891556,-528.7280800135,7.6634407650215,393.150584367134,48.0204097793062,2084.00823232389,2107.21485123362,-311.871955882195,0,0
172,2,82.4818625123814,364.339877569679,49.0606952140157,1951.23974335339,1955.51700430856,-129.26800879613,119.824955970541,345.747243587474,39.6089696628186,1942.95189767462,1942.9839219347,11.1554569313753,-63.4998567351014,334.942135254633,60.5455450458309,1870.75519137279,1933.81051620031,-489.793963334261,21.5568289805141,392.716635872259,45.9412634067582,1978.13554266866,2001.01545494916,-301.732705844679,0,0
173,2,95.4901274680707,363.319657744536,48.1989084887081,1826.92123743212,1831.985835459,-136.128224633656,132.777968621705,344.237153569528,39.6833393756945,1815.51070984008,1815.63703621964,-21.4175103219855,-51.0281554592828,334.922421441733,57.2802519569358,1753.88951272805,1810.5454542235,-449.384488997934,34.7443992649718,392.139946445601,43.9297120344604,1857.40405015745,1879.70648619686,-288.698231219501,0,0
174,2,107.669602384285,362.101094939321,47.2913869911504,1691.54633417268,1697.42768568334,-141.179840881215,144.881373353972,342.499450581822,39.5405559735479,1679.4407636663,1680.31271802361,-54.1253331430937,-39.3355587077624,334.859483597694,54.2843553636163,1625.6847987516,1676.13498404727,-408.138971252559,47.1270929326882,391.433462617132,42.0050571596637,1723.66448382453,1745.14384052605,-272.961116879198,0,0
175,2,118.946577945436,360.716712235958,46.3501880519423,1547.31857256468,1554.02195287382,-144.185522886849,156.077645111748,340.584423996895,39.1797204192606,1536.78424516564,1539.18402985951,-85.9165966808643,-28.4976600494184,334.744512339255,51.5634288885992,1488.39498443626,1532.89491302012,-366.670403316015,58.6181894915183,390.613413322014,40.185316380469,1579.22632051355,1599.6496256428,-254.800222559534,0,0
176,2,129.262035095867,359.202853246904,45.3889512326967,1396.73807790303,1404.24279225653,-144.984693468512,166.322873412852,338.545691281174,38.6069431080548,1389.77608588396,1394.58830294818,-115.75390198584,-18.5750268198433,334.570972472752,49.1189595331591,1344.55421951616,1383.40477544883,-325.5498786913,69.1463649616087,389.698972266569,38.4866482300721,1426.77510304075,1445.92944674586,-234.573592524472,0,0
177,2,138.573622281888,357.598442748291,44.4223866095733,1242.51212289212,1250.7715264896,-143.502738452021,175.588047318745,336.438201292435,37.8352504281492,1240.77053898696,1248.9452596327,-142.662998499955,-9.61133202306897,334.335174345048,46.9486270085504,1196.88583830609,1230.41818663533,-285.294942235769,78.6581989818803,388.711759694493,36.922824279909,1269.270292816,1286.96997758339,-212.707891192969,0,0
178,2,146.857036434502,355.943630634399,43.4657016865598,1087.45533171258,1096.39899985514,-139.755745546467,183.859850911992,334.31620819954,36.8841637714829,1092.16239212251,1104.67264263031,-165.779843796173,-1.6320931010284,334.036662208593,45.0466607269786,1048.20218126792,1076.76460091052,-246.361914587402,87.120000933987,387.675204338393,35.5047716719559,1109.82895346175,1125.92209642598,-189.684636379095,0,0
179,2,154.106738645919,354.278389604841,42.53399671625,934.384507458141,943.922839806716,-133.850363208261,191.140933526142,332.231321813345,35.7789648128417,946.3063743253,964.103929305327,-184.392604009149,5.35592144075772,333.678394218933,43.4042479630626,901.300311220638,925.247305407464,-209.141878057347,94.518860623732,386.613795388267,34.2402074294286,951.601475946261,965.975790238499,-166.023667902469,0,0
180,2,160.33596869564,352.641138772112,41.6416609615283,786.013425732894,796.045059387231,-125.978693208262,197.44964268831,330.230733450216,34.549680786114,805.438428323885,829.412746126428,-197.975861195582,11.3645901822286,333.266703332059,42.0099687760136,758.858931893416,778.54278574048,-173.959738773458,100.862870463374,385.552261614571,33.1333829767454,797.646082088347,810.233577827214,-142.264466286553,0,0
181,2,165.576058200526,351.067462602471,40.8018030068065,644.852980119214,655.275744237353,-116.408483441653,202.819232210469,328.355703659349,33.2298417114768,671.602447936563,702.548490756147,-206.214775875437,16.4236497281847,332.811043695142,40.8502371841906,623.341759126457,639.106624166708,-141.075612289652,106.180511010629,384.514719809893,32.1849532015017,650.808933990446,661.589332443143,-118.946106454911,1,0
182,2,169.875078067987,349.588987549695,40.0257464505288,513.121774567405,523.848942152619,-105.469230864815,207.29658186338,326.640380208661,31.8550765389739,546.585819747342,585.187514667055,-209.017628379357,20.5792614556945,332.323541921751,39.9097331022596,496.912211965597,509.090875287843,-110.687726965548,110.519237237232,383.523837086164,31.391979158469,513.616315670388,522.619100774971,-96.5867732767551,0,0
183,2,173.295889898437,348.23246799137,39.3226182447634,392.671642907308,403.658066416453,-93.5351027130736,210.940487328362,325.110992993377,30.4616256831115,431.866665270383,478.704151328727,-206.515974993695,23.8920095354651,331.818385755193,39.1718149224893,381.363601856701,390.277584101146,-82.9360948605053,113.943346008368,382.600051106517,30.748067336624,388.184558775109,395.489912702616,-75.6638578060656,0,0
184,2,175.913700851152,347.019119472332,38.6990508933429,284.931671216721,296.22288562854,-81.0058066298062,213.819598430165,323.785448628435,29.0848525164869,328.575071418491,384.165964681909,-199.052532921124,26.4344335478431,331.311093048055,38.6189076234192,278.068046314037,284.033418860471,-57.9063437687289,116.531243066869,381.760889074449,30.2436416179169,276.152211477155,281.892026470452,-56.5956772544895,0,0
185,2,177.81324532593,345.964221825089,38.1590121824775,190.873164059172,202.720579732764,-68.2866655301606,216.010098906288,322.673323167769,27.7578356303461,237.469852306218,302.3573428005,-187.157772991244,28.28822052327,330.817710963474,38.2328653316277,187.946183741594,191.294277249993,-35.6333064080271,118.37225781005,381.020420482685,29.8663371028869,178.637485980563,183.001342057771,-39.725807700907,0,0
186,2,179.085733086325,345.076998590488,37.7037677456098,110.996711569004,124.219444706756,-55.7691712698169,217.593231254996,321.776228399171,26.5101171437378,158.931545557472,233.831794946323,-171.516973371536,29.5411950815473,330.353998386045,37.9953099555742,111.458500952963,112.615906184186,-16.1041886167499,119.563174383254,380.388870655243,29.6014983848809,96.2223788949572,99.4956638451177,-25.3108854798871,0,0
187,2,179.825711163451,344.360763417384,37.3319732704777,45.3411771320816,63.0509261758504,-43.8132051773177,218.652774892046,321.088507058204,25.3666706545942,92.971463612173,178.972930134656,-152.930103886694,30.2842517545671,329.934643615604,37.8879486981292,48.6177975205861,48.6234083050668,0.738647039208118,120.20465690922,379.872412558678,29.4327591483483,28.9631689291511,31.9601882222132,-13.5125303618809,0,0
188,2,180.127985677665,343.813309796979,37.0398852359622,-6.48686304664494,33.3685343756336,-32.7319369147613,219.27258464946,320.598196344976,24.3471366286829,39.2557545826307,137.969772215214,-132.267319384897,30.6083704047043,329.572564748552,37.8928730117239,-0.978903491009753,15.0269903959569,14.995072134387,120.397744702081,379.473143873824,29.3426756126024,-23.5746106660038,23.9805681508483,-4.3937888870337,0,0
189,2,180.084739924021,343.427508437939,36.8216723231972,-45.2658399943672,50.6747700604805,-22.7801679161264,219.534289680011,320.288188164041,23.4653544994503,-2.85736092907882,110.459978287211,-110.423015226591,30.6018443814309,329.278332281076,37.9928401592865,-38.101743091635,46.5856263866114,26.8044354391581,120.240580630974,379.189245620715,29.3133836866889,-62.2600312335471,62.2947590302105,2.07978687122754,0,0
190,2,179.782967657392,343.192067446986,36.6698045370897,-72.0975990099262,73.4723760067123,-14.1465986398003,219.515240607151,320.137508938521,22.7292010646063,-34.2696651698091,94.6902253373257,-88.2713363645452,30.34783276082,329.059743190819,38.1715363955475,-63.8262797286829,73.4476439846824,36.3422952342937,119.825513756084,379.015308430418,29.3272489324971,-88.323868738636,88.5297810422756,6.03459546560252,0,0
191,2,179.302316997326,343.092404637424,36.575493879491,-88.3356524316014,88.6086493866012,-6.95019824184477,219.286776172685,320.122641625333,22.1407254888427,-56.087295513845,87.0906187704871,-66.6257544780466,29.9223242292955,328.921564016305,38.4138183637762,-79.4627191479494,90.7424519470324,43.8163080481868,119.236687964493,378.942803519715,29.3674795689344,-103.274090312335,103.559215358649,7.6794111661524,0,0
192,2,178.713412647781,343.111578887111,36.5291592245454,-95.5077543027599,95.5158109400496,-1.24056744232313,218.91286086926,320.218817230271,21.6965537923224,-69.5606090958037,83.5078964396166,-46.2048745262935,29.3925727683091,328.865448261107,38.7059270840974,-86.4804730460872,99.6256285936765,49.4610316755541,118.548194029078,378.960668108179,29.4186756433754,-108.805212426905,109.049318357894,7.29243327410973,0,0
193,2,178.076694285763,343.231228412902,36.5208887749299,-95.2372757596876,95.2844536250097,2.99806745918616,218.449123475288,320.401211919784,21.3885212954804,-76.0228498437399,80.8799601247874,-27.6060546153079,28.8160362813352,328.890021767027,39.0356672952678,-86.4323429325802,101.666981427597,53.5315347041742,117.822825946232,379.05596983909,29.4672918652028,-106.7069637324,106.833872195831,5.2057794197923,0,0
194,2,177.441779114032,343.432467814798,36.5408758913244,-89.1675728323122,89.3585990547101,5.83979282292866,217.942304476329,320.64599775602,21.2044809313784,-76.830754612088,77.6555136752741,-11.2877787853852,28.2398206617847,328.991119369848,39.3925441932956,-80.8822996952253,98.5452713011606,56.2958621199737,117.111446188016,379.214611970661,29.5019970613348,-98.7772783739359,98.7934658368549,1.78834255549116,0,0
195,2,176.847328628483,343.696702289314,36.5798078434773,-78.893007125545,79.2400078115964,7.40758156691932,217.430099445582,320.931209025883,21.1292290728091,-73.3098976493167,73.3504565812296,2.43893159427557,27.7006053304832,329.162147829814,39.7678499407621,-71.340279244458,91.9593265566511,58.0265654513134,116.452930998856,379.422040754156,29.513919345038,-86.7439442046127,86.7820673711064,-2.57203441467997,0,0
196,2,176.321375247646,344.006325907697,36.6291917205901,-65.8995645445742,66.3669200409745,7.86228138396261,216.941366794587,321.237400952348,21.145488616771,-66.7070872681265,68.0417089864437,13.4103941030251,27.2250034688535,329.394544150668,40.1546937104375,-59.2066986366127,83.5789899286773,58.9916468158947,115.874638037492,379.66391839666,29.4967724489402,-72.1983120502507,72.5853879787939,-7.48613953427668,0,0
197,2,175.882044817349,344.345280609667,36.6816069298165,-51.5171853602027,52.0446389591578,7.39080895109616,216.496652879466,321.548092190373,21.2348912441245,-58.1515396699416,62.0343470489524,21.6022833933147,26.8302921446094,329.6782951625,40.5479713558768,-45.728579828921,74.9990362708791,59.4453734817996,115.393315957157,379.926729052032,29.446864852045,-56.5434225040413,57.9259185585468,-12.5798812546412,0,0
198,2,175.538596914948,344.699462857171,36.7308789894905,-36.8850390545973,37.4015435069427,6.19429985087621,216.108975948333,321.849995979838,21.3789064667466,-48.6259104889882,55.6749996899007,27.1150589080561,26.5254349457499,330.002483614329,40.9442738457555,-31.9683146490332,67.6495073323198,59.6194825607032,115.01635980713,380.198291008427,29.3629989770141,-40.9578114110481,44.543305058567,-17.5089608474513,0,0
199,2,175.292696654584,345.056975026005,36.7721743218297,-22.9301135971681,23.3630593735253,4.47687767443234,215.78480321174,322.133056401984,21.5596735261336,-38.9476123943254,49.256486270373,30.1543517337851,26.3123128480897,330.35582777293,41.3417370628268,-18.7852749382168,62.6003570575859,59.7153091696999,114.743307731056,380.468155180088,29.2462725713644,-26.3751937297528,34.3275747499719,-21.971152539931,0,0
200,2,175.139829230603,345.40822795226,36.8020201729925,-10.3586962661737,10.6411783347171,2.43558781742976,215.525152462444,322.390315332244,21.7607025376922,-29.7602306029702,42.9786890364689,31.0080051882014,26.1870776818349,330.727185269926,41.7398391239582,-6.82971783128679,60.2854536501541,59.8973361356737,114.567473106191,380.727877660643,29.0997982210982,-13.479265828019,29.0343263642004,-25.7157830944442,0,0
201,2,175.070771255495,345.745909065688,36.8182574251087,0.340354770858653,0.423435293265511,0.251904897801936,215.326750925091,322.617642101127,21.9674225722802,-21.5343041325283,36.946114940289,30.0214782232457,26.1415462296263,331.105997189702,42.139154698196,3.45220177647203,60.3873419236657,60.2885840561896,114.477611334005,380.971161948492,28.9283596671352,-2.7120613928318,28.6786985060516,-28.5501746229777,0,0
202,2,175.0730402873,346.064836835597,36.8199367910941,8.88218217104821,9.08625771203075,-1.91492012620671,215.183188897541,322.813361490218,22.1675657604352,-14.5762969861579,31.1889545837173,27.5732198735749,26.1645609081361,331.482654604847,42.5410785919039,11.8039935083251,62.1003146632916,60.9681459332268,114.459530924719,381.193874034691,28.7380251696487,5.70631816043914,30.8748863985004,-30.3429817778699,0,0
203,2,175.132254835107,346.361726578254,36.8071706569194,15.1643507652651,15.6659646475946,-3.93254551247537,215.0860135843,322.9778166279,22.351387226259,-9.04425832196978,25.6957161181631,24.0514286110141,26.2432541981916,331.848776401546,42.9475328981254,18.1369855400463,64.5705740187559,61.9710318183568,114.497573045789,381.393940426408,28.5357386244629,11.7491833131112,33.1747415850605,-31.0245091937077,0,0
204,2,175.233350506876,346.634894934764,36.7809536868362,19.2393327206901,20.0654437830308,-5.69825505506323,215.02571852882,323.112901900669,22.5117300836658,-4.96847210859386,20.446207986142,19.833348328477,26.3641674351253,332.1973937951,43.3606731102478,22.503260797783,67.1718964759036,63.2903383593142,114.575900934543,381.571145013128,28.3289085631715,15.5487255655672,34.3097372142157,-30.5842312474127,0,0
205,2,175.361612725014,346.883930580898,36.7429653198025,21.2833218733948,22.4489795735538,-7.13981049659651,214.992595381429,323.22159757577,22.6439524058556,-2.27532344147932,15.4365602085113,15.2679499051985,26.5141891737772,332.523042991993,43.7826086993099,25.0655855417875,69.5550621370872,64.8816082595168,114.67955910498,381.726845200928,28.1250136881888,17.3582530440001,33.8545797450583,-29.0658497377072,0,0
206,2,175.503501537503,347.109357165129,36.6953665831585,21.5635540053498,23.0752469705292,-8.2146309356709,214.977426558486,323.307532931332,22.7457387385569,-0.812650930292591,10.6934536367658,10.6625301475379,26.6812930773891,332.821772682507,44.2151527543733,26.0664239010683,71.5837150598,66.6691068394684,114.79528079194,381.863630766361,27.9312413566041,17.5137947015187,31.8148275376555,-26.5603133717171,0,0
207,2,175.647258564205,347.31231138732,36.6406023769207,20.4061050587299,22.2655254804645,-8.90755304521349,214.972008885618,323.374598834823,22.8168222728738,-0.374996039315079,6.28464958592549,6.27345187184627,26.8550692367295,333.091077224328,44.6596134666365,25.7979027893693,73.2470580259362,68.5536266081169,114.912039423283,381.984950334504,27.7541726007926,16.3973615506826,28.4075250558814,-23.1972846250747,0,0
208,2,175.783299264597,347.494254905787,36.5812186899526,18.1658460196275,20.3750854196049,-9.22746683805364,214.969508912022,323.426624413688,22.8586452853528,-0.727379901876191,2.41320157809417,2.30096943370892,27.0270552553253,333.329769382059,45.1166376440239,24.5742785262738,74.5859284736155,70.4213430799527,115.021355166955,382.094730278659,27.5995240366254,14.4037395680328,23.9507393431601,-19.1355742411949,0,0
209,2,175.904404904728,347.656733816128,36.5197022443656,15.1998809452706,17.7689113493397,-9.20314238672262,214.964659712676,323.467126193574,22.8739850815775,-1.62651217744099,1.97038694668244,-1.11215235300417,27.1908837788338,333.537808289967,45.5861132645569,22.7080899783806,75.6421856178531,72.1531904670854,115.117380097408,382.197009275401,27.4719535416841,11.9122152723421,18.806721463224,-14.5530718235248,0,0
210,2,176.005737444363,347.801194210216,36.4583479617874,11.8454124636344,14.8034699988349,-8.87856562586435,214.95381629816,323.49913223962,22.8665707325575,-2.83864053400151,4.80647568278501,-3.87870189727533,27.3422710453564,333.716098951056,46.0671345343375,20.4907933917552,76.4321198354374,73.6342062408163,115.19679486589,382.295608913558,27.3749330628606,9.26414028622631,13.3674968424283,-9.6366839000483,0,0
211,2,176.084706860787,347.928857200422,36.3991575242816,8.40259398034107,11.8164259452986,-8.30808862027013,214.934892027933,323.525078737584,22.840712719909,-4.15356000189036,7.26649302464675,-5.96237034978007,27.4788763346347,333.866279179377,46.5580292426096,18.1782891931366,76.9405807359439,74.7623084581729,115.258555801132,382.393856903674,27.310688503527,6.74676020075751,8.15038776907517,-4.57275054860471,0,0
212,2,176.140724153989,348.040652129228,36.3437702668132,5.12256317730504,9.12515385331465,-7.55167394298652,214.907201627921,323.546772310995,22.8009635842438,-5.39459805140723,9.13423391933684,-7.37106106045235,27.6000649292556,333.99050858296,47.0564446323308,15.9813947684418,77.1298608402819,75.4560166885085,115.30353420247,382.494374871031,27.2802034998696,4.58329463124585,4.6064855817276,0.461648933560177,0,0
213,2,176.174874575171,348.137202747741,36.2934257738599,2.20052607601531,7.02407089527498,-6.67047651450972,214.871237640911,323.565408308887,22.7518231771741,-6.4246567928393,10.3768973253769,-8.14885164889123,27.7066075610452,334.091272150613,47.5594847435875,14.0610083527889,76.9561810462629,75.660702120242,115.334089500012,382.598937775415,27.2832811594267,2.92888128112381,6.06083854780362,5.30616795282857,0,0
214,2,176.189544749012,348.218858119184,36.2489559304299,-0.226511144279584,5.72744271258413,-5.72296188415145,214.828406595626,323.581633346735,22.6974974995149,-7.14861555682518,11.0051800870961,-8.36727460826605,27.8003476167305,334.171208444146,48.0638894243891,12.5274607860865,76.3872981713205,75.3530493621014,115.353615375219,382.708407024459,27.3186556124455,1.87170139665369,9.99992399708123,9.82319773949225,0,0
215,2,176.188034674716,348.28575797405,36.2108028512022,-2.07797547882933,5.19536958192575,-4.76171009220252,214.78074915858,323.595639493808,22.6417156687931,-7.51256730192722,11.0596813003895,-8.11651914309319,27.8838640219711,334.23296951241,48.5662430868031,11.443371344809,75.4167611371219,74.5435249547437,115.36609338453,382.822734654887,27.3841435973755,1.43839408722215,13.9764701689311,13.9022566813042,0,0
216,2,176.174181504858,348.337921215485,36.1790581172542,-3.32468276836124,5.07248355779953,-3.83100168805868,214.730665376567,323.607277562653,22.5876055411725,-7.50047738097379,10.604865655488,-7.4970670684241,27.9601531642698,334.279116636082,49.0631999198347,10.8292130524585,74.0726443939029,73.2767684342729,115.375682678445,382.941031825316,27.4768253085842,1.60274275840635,17.5361071691019,17.4627108518868,0,0
217,2,176.152016953068,348.37534617501,36.1535181060004,-3.98135203724479,4.96424748855711,-2.96523002196665,214.680662194028,323.616177814829,22.5376250940496,-7.12891391538477,9.72328095229357,-6.61216899846551,28.0323479179529,334.312053070645,49.5517117093966,10.6707488788169,72.4203954970547,71.6299434755818,115.386367630168,383.061691512341,27.5932433809301,2.29657282801128,20.5833835197384,20.4548632448686,0,0
218,2,176.125474606153,348.398111921031,36.133749905854,-4.09753335817982,4.64518152828589,-2.18813432159273,214.633136101258,323.621867867032,22.4935439673932,-6.44050968285654,8.50940216353473,-5.56145306604314,28.1034862438116,334.333992246698,50.0292446659004,10.9275161814081,70.5604949227135,69.7092019309025,115.401678115688,383.182552871599,27.7296091358959,3.42182608130273,23.1142152813586,22.859528742787,0,0
219,2,176.098157717099,348.40647125724,36.1191623437101,-3.74776966003907,4.04157798851522,-1.51280375876759,214.590199370039,323.623879468484,22.4564676136196,-5.49678312507069,7.06338077558254,-4.43584526970984,28.1763363516877,334.346957550209,50.4939726787731,11.5416027915719,68.6220745837748,67.6445158544485,115.424490289563,383.301093281389,27.8820059941811,4.86286069003938,25.1606761946351,24.6862757920377,0,0
220,2,176.073172586032,348.400927827153,36.1090769853183,-3.02173532268029,3.16527050346373,-0.942365640165121,214.553554149206,323.621837933301,22.4268953118215,-4.3708798622248,5.48510331779345,-3.31387501829301,28.2532803702982,334.352807946253,50.9449361178028,12.4460625987536,66.7537469832082,65.5832163139785,115.45690936083,383.414633616316,28.0465811661281,6.49815284514474,26.7711791975795,25.970561126592,0,0
221,2,176.053027683881,348.382291775444,36.1027945477172,-2.01498479108295,2.06935569426577,-0.471242274307571,214.524414950124,323.615530177185,22.4048028116996,-3.14070599359297,3.86893804317087,-2.25934668515126,28.3362541209565,334.353282397648,51.382157559896,13.5724488206467,65.1129007665952,63.6826387585454,115.500230379798,383.520542725094,28.2197182403053,8.21073175421319,28.0008844885368,26.7700096414016,0,0
222,2,176.03959445194,348.351710532138,36.0996529325551,-0.820814148873694,0.825395247622704,-0.0868415096995534,214.503476910167,323.604949379253,22.3897405004652,-1.8828205914815,2.29959922858743,-1.32028149741377,28.4267371130942,334.35005529823,51.8067084849529,14.8570869919837,63.8547569194516,62.1023103222004,115.554968591493,383.616428284262,28.398184971248,9.89685090312378,28.9070686301439,27.1600986557337,0,0
223,2,176.034122357614,348.310673334717,36.0990739891571,0.476401628878875,0.528350859109258,0.228464698198749,214.49092477289,323.59031615242,22.3809386238158,-0.66734654695324,0.851567264613757,-0.528975795695175,28.5257843597074,334.344794988074,52.2207238871009,16.2458556587795,63.1225390199328,60.9961236984535,115.620947597513,383.700303013361,28.5792522956196,11.4725729843613,29.5476808277438,27.2294970834336,0,0
224,2,176.037298368474,348.260989971531,36.1005970871451,1.80617368868781,1.87283417516391,0.495221621048358,214.486475795911,323.572077679215,22.3774121185112,0.445945719387453,0.456377098640197,0.097017892799478,28.6340900640993,334.339217812557,52.6273647117573,17.6973810346166,63.0400137308702,60.5049257143904,115.697431417409,383.770717501292,28.7607822761758,12.8781137036938,29.9819463512669,27.0752893695521,0,0
225,2,176.049339526398,348.204745838463,36.1038985646188,3.11507781798781,3.20056325762032,0.734775716739122,214.489448767373,323.550887507216,22.3780589044632,1.4103220883996,1.51493927480122,0.553202145067644,28.75207260433,334.335131069809,53.0307308831866,19.1846747040008,63.7071670561122,60.7499085663267,115.783285508767,383.826853446465,28.9412842053061,14.0799428706998,30.2719823258382,26.7982858163295,0,0
226,2,176.070106711851,348.144236702065,36.108797069397,4.36817764460073,4.47399488278989,0.967292239419137,214.498850914629,323.527569582289,22.3817469187636,2.19355763608036,2.35102986730035,0.845958825317084,28.8799704356901,334.334459481081,53.4357302736287,20.6953453219375,65.1988610552649,61.827131300987,115.877151794572,383.868573804993,29.1199394440817,15.0707739711031,30.484478955748,26.4985891910374,0,0
227,2,176.099227896149,348.081887536086,36.1152456843265,5.54882603764639,5.67922703946653,1.21002040054918,214.513474632203,323.503070636066,22.3873866442657,2.77828530347932,2.94943445988263,0.990098179785193,29.017939404503,334.339251418781,53.8479111489687,22.2305928545984,67.5653465626009,63.8034230857361,115.977623621046,383.8964290371,29.2965967053553,15.8676819952767,30.6916595336243,26.2715555882153,0,0
228,2,176.136220069733,348.020160444774,36.1233124869968,6.65706036009936,6.81870435574273,1.47589852395704,214.531996534226,323.478405262969,22.3939872987976,3.16135590570923,3.31765909100507,1.00632533584619,29.166143356867,334.351662928521,54.2732673028736,23.8032459629057,70.8331143211238,66.7138333935235,116.083408167681,383.911621221037,29.4717404092767,16.5086715448091,30.9709437243488,26.2042576502825,0,0
229,2,176.180600472134,347.96145702142,36.1331518104899,7.70686785016466,7.90808483385491,1.77256697462873,214.553072240264,323.454597961262,22.4006961343699,3.35237842007672,3.47600555465582,0.918789173097956,29.3248316632863,334.373919469088,54.7180261921637,25.435130122448,75.005057521236,70.5607030110816,116.19346597798,383.915930156918,29.6464354602786,17.0480724740031,31.4029806712655,26.3725315425162,0,0
230,2,176.231979591135,347.908020540333,36.1449689236541,8.72263636193793,8.97229481107569,2.10182993466503,214.575421429731,323.432626119861,22.4068213955239,3.37162910758906,3.45465771590285,0.752845996805007,29.494399197436,334.408257150073,55.1884308789043,27.1540578893879,80.0599309624311,75.3143391782004,116.307119794473,383.911607610558,29.8222523372287,17.5511690880441,32.0680138006275,26.8386656292767,0,0
231,2,176.290130500214,347.861843177739,36.1589811232185,9.73512368622096,10.0410240897679,2.45957955457392,214.597898957115,323.413367459461,22.4118403688359,3.24752597065725,3.29099659403713,0.533135678669794,29.6754262500319,334.456846956084,55.6905264734256,28.9907163521578,85.9519057509819,80.9151930580061,116.424127588393,383.901247462003,30.0011767747572,18.0884728526713,33.040921873692,27.6497679578254,0,0
232,2,176.355031324789,347.824583037917,36.175378320249,10.7772770986841,11.1442162342979,2.83616886220948,214.619549130253,323.397554835162,22.4153946066937,3.01386344208652,3.02703083711043,0.282033404531923,29.8686976923796,334.521706902504,56.2299610938123,30.9756940485933,92.6111849573566,87.2773622276341,116.544717407411,383.887640653195,30.1855085611427,18.7300302648438,34.3857065998895,28.8368303502954,0,0
233,2,176.42687983878,347.797495162826,36.1942861126637,11.8802155671759,12.3081217569798,3.21719431524912,214.6396415532,323.385740628208,22.4172748293906,2.70699290774843,2.70705617730038,0.0185079566632496,30.0752023193702,334.604608178323,56.8118101753299,33.1368448034562,99.946255277076,94.2931782282372,116.669584275844,383.873624424406,30.3777540968113,19.5401203409368,36.1504824324085,30.4144879483049,0,0
234,2,176.506081275895,347.781379963087,36.2157340747654,13.0696525415701,13.552319468099,3.58462625779126,214.657688172585,323.378272243232,22.4173982157684,2.36311920825329,2.37554044450004,-0.242610822181888,30.29611461806,334.706982025013,57.4404313635181,35.4971336370655,107.847787616427,101.838591885936,116.799851744783,383.861935367876,30.5805173498,20.5726439655699,38.3639440756892,32.3814534156284,0,0
235,2,176.593212292839,347.776551661188,36.2396315831506,14.3629901677969,14.8878417515115,3.91820691870919,214.67344230064,323.375279525233,22.4157808102872,2.01586281498294,2.07479162690184,-0.490975973170826,30.5327621756404,334.829834331342,58.1193553094244,38.0730546851717,116.193781511954,109.77903884161,116.937002704554,383.855075318328,30.7963937059042,21.8674442677376,41.0338094261207,34.7215840251648,0,0
236,2,176.688965560624,347.782828417542,36.2657529626087,15.7672591729181,16.316294152866,4.19702192713842,214.686881386074,323.376674251403,22.4125076371327,1.69421282331115,1.84113825224935,-0.720716985524739,30.7865825402082,334.973674676913,58.8512155683684,40.8736572485893,124.855372183414,117.975455524375,117.082785666338,383.855198083304,31.0278709327387,23.4477274946464,44.1471251643177,37.4055174487767,0,0
237,2,176.794080621777,347.799544848477,36.2937331087896,17.2780158962325,17.829747494294,4.4011433059854,214.698176138229,323.382161262332,22.4077028572292,1.42096796747495,1.69832201133155,-0.930133156909996,31.0590735885321,335.138465847783,59.6377186051976,43.9001674243649,133.702728453303,126.290121925551,117.239103849636,383.864023558229,31.2772410490638,25.3186816497248,47.6719312839808,40.3927888597021,0,0
238,2,176.909267394418,347.825586672677,36.3230740641629,18.8792424805939,19.4112114669101,4.51323985314787,214.707649258012,323.391260291296,22.4015019695165,1.21173221297113,1.650835575416,-1.12114367549712,31.3517413713612,335.323598720965,60.4796527513679,47.1461522768179,142.610569686801,134.592031383307,117.407895060634,383.882783960342,31.5465263081285,27.4673191869582,51.5597463821395,43.6343193332073,0,0
239,2,177.035129010956,347.859446268453,36.3531623298505,20.5442315537226,21.0355970610496,4.52005459943408,214.715727472765,323.40333713634,22.3940276783465,1.07449890814024,1.68546420883528,-1.29855369379559,31.6660490532067,335.527895941122,61.37693296059,50.5981432861907,151.462952187728,142.761527665587,117.591010521881,383.912204856076,31.8374217703499,29.863503439708,55.7485261120414,47.075145522574,0,0
240,2,177.172090554647,347.899297017282,36.3832960271801,22.2373760644999,22.6711550557927,4.41365804404938,214.722890798819,323.41764249654,22.3853706537212,1.0098239791418,1.78277238744618,-1.46919464897977,32.003370008448,335.749646082368,62.3286764783606,54.2366169385918,160.157089493725,150.69400352422,117.790100544812,383.952521460929,32.1512560738337,32.4620585855207,60.1659519837325,50.6572455873691,0,0
241,2,177.320339728411,347.943083477743,36.4127204141404,23.916731143251,24.2813969757109,4.19239913575886,214.72962295868,323.433356553968,22.375576022728,1.01155546984302,1.92772021688692,-1.6409938348529,32.3649474547052,335.986668104013,63.333303168522,58.037222813828,168.606070073415,158.302519353482,118.006514268716,384.003528475034,32.4889710444162,35.2058114450045,64.7330084580485,54.3223087186892,0,0
242,2,177.479784602699,347.98862370559,36.4406697417121,25.5371702607107,25.8274696378172,3.86149232393933,214.736366661813,323.449637215731,22.364636063829,1.06805524731186,2.11199261175656,-1.82202381455454,32.7518622734641,336.236403982554,64.3886532975452,61.9721524272052,176.740422643517,165.519271747275,118.241219678349,384.064659595354,32.8511197692074,38.0293713368843,69.3678006671469,58.014297247475,0,0
243,2,177.650032404437,348.033719436404,36.4664130238717,27.053924309034,27.2708940889523,3.43319732784337,214.743487030128,323.465669824658,22.3524892383986,1.1638203251934,2.33091641043156,-2.01957757045523,33.1650099563121,336.496035546486,65.4921151091937,66.0115536232045,184.508557112599,172.295915320196,118.494748820595,384.135090926038,33.2378817508573,40.8634222700265,73.9895043068171,61.6816623312797,0,0
244,2,177.830391899831,348.076269401114,36.4893010060574,28.4262706370498,28.5765228943391,2.92656768243731,214.751245832296,323.480716093545,22.3390253879289,1.28138732899714,2.5800129800289,-2.23931094093768,33.6050869804668,336.762619866265,66.6407545446617,70.1249131925056,191.876179214777,178.602812687272,118.767171635728,384.21386089486,33.6490928330658,43.6392804952192,78.5222723901432,65.2790966479426,0,0
245,2,178.019900370744,348.11438077307,36.5088114572736,29.6211300286643,29.7155332489396,2.36676405537075,214.759788414489,323.494160010971,22.3240966483226,1.40338531639799,2.85345087460644,-2.48449019871497,34.0725864017502,337.033236161527,67.8314399625769,74.2823520214092,198.824838041056,184.427352635718,119.058100172363,384.299998071538,34.0842868107188,46.2934603210471,82.898878031081,68.7687393392935,0,0
246,2,178.217374570935,348.146473664922,36.5245898843094,30.6163330210339,30.6682624219608,1.78394852151236,214.769144316599,323.50554850645,22.3075333803312,1.51459044716802,3.1442170380049,-2.75537956721532,34.5678020818929,337.305136171394,69.060955646815,78.45579991981,205.349815268133,189.771531293815,119.36672324117,384.392647557842,34.5427450729807,48.7719924309658,87.0638573146154,72.1207876053327,0,0
247,2,178.421483457742,348.171373715122,36.5364828744528,31.403332223843,31.4267040127174,1.21179632855331,214.779241586247,323.514624753908,22.2891641832164,1.60383159500697,3.4449182590164,-3.04880075212566,35.090840748025,337.575889364087,70.3260991887737,82.6200389456066,211.45759991249,194.649032171694,119.691869857377,384.491186448762,35.0235503236829,51.0342517790882,90.9759314327167,75.3135130331803,0,0
248,2,178.630839005901,348.188388129555,36.5445615166432,31.9891634559397,31.9965113496091,0.685682094584905,214.78993379688,323.521352143808,22.2688388448689,1.66559933954744,3.74828908478697,-3.35789367062631,35.6416410076624,337.84351429049,71.6237594032517,86.7536225165512,217.163210431414,199.082065855099,120.03209820257,384.59531929363,35.5256404105708,53.0560761839851,94.6095297873654,78.3327256422599,0,0
249,2,178.844100095607,348.197361066801,36.5491327306071,32.3974943448064,32.3983878710902,0.240617588377745,214.801037792477,323.525927176086,22.2464528870648,1.70122198955482,4.04703631528701,-3.67210384922689,36.219998491106,338.106587840016,72.950973175619,90.8396912720058,222.48762565437,203.098237458934,120.38580537713,384.705145528863,36.0478585815192,54.8319912540691,97.9553028989183,81.1707712242068,0,0
250,2,179.060083391239,348.198704959783,36.5507368478629,32.6686431712872,32.6687698083928,-0.0909623046538854,214.812379272407,323.528779828365,22.2219721947366,1.71949118621484,4.3331852064766,-3.97741676143664,36.8255964329194,338.364325135768,74.3049614253453,94.8667144231706,227.455567546462,206.727699407785,120.751351985491,384.821192483651,36.5889970563472,56.3764011132882,101.01960278816,83.8251844315973,0,0
251,2,179.277874345715,348.193405228447,36.5501304324986,32.8585017229173,32.8597070921252,-0.28145107088875,214.823842546982,323.530560343395,22.1954560829937,1.7366457730688,4.59746976807559,-4.25685209130542,37.4580411957405,338.616624280664,75.6831460880638,98.8291866852141,232.093843856114,210.000819558033,121.127194659579,384.944409707108,37.1478316192246,57.7236560242447,103.823014066514,86.29714818608,0,0
252,2,179.496931023867,348.182996828881,36.548254092026,33.0363521808707,33.0378087698946,-0.310230394393329,214.835420185469,323.532111858706,22.1670770690516,1.77565532603694,4.8294946861284,-4.49122111306703,38.1169024403086,338.864072077761,77.083151551784,102.728305883512,236.430410154249,212.946552017191,121.512019033074,385.076122918651,37.7231459404651,58.9269655774835,106.398131708995,88.5899269612221,0,0
253,2,179.71717337174,348.169512172933,36.5461858893967,33.2816278999616,33.2820398819573,-0.16559901175448,214.847257887643,323.53442886564,22.1371355949645,1.86478315112737,5.01939253989196,-4.66013790233664,38.8017578128654,339.107909107641,78.5027952318986,106.572645608768,240.494252200273,215.591643041461,121.904865470258,385.217948693438,38.3137454535399,60.0561874732648,108.786885199052,90.7074458767738,0,0
254,2,179.939050891073,348.155401107847,36.545081895985,33.6797294262212,33.680080010599,0.153672694000306,214.859689775317,323.538602123657,22.1060680089489,2.03545163857655,5.16154818449015,-4.74326009067916,39.5122421169238,339.3499550365,79.940072852175,110.378822022078,244.316124652961,217.960740534757,122.305240053413,385.371673883682,38.9184617593851,61.194584561543,111.037780665318,92.6531788737943,0,0
255,2,180.163582420581,348.143424838378,36.5461063806117,34.3170680330076,34.3229851866473,0.637301922749245,214.873259452907,323.5457513515,22.0744462750111,2.31947937740671,5.26066573554961,-4.72171784406594,40.2481009304044,339.592497609309,81.3931444557401,114.172135670016,247.93011418133,220.077406733437,122.71320395049,385.539106549065,39.5361496185437,62.4347038196298,113.203447207761,94.4294880780117,0,0
256,2,180.392362874135,348.136526876746,36.5503550600967,35.2755669373522,35.2981731533371,1.26309350855465,214.888722648757,323.556947746817,22.0429681560506,2.74580791465411,5.33974273995758,-4.57967154114272,41.0092485015378,339.838151293803,82.8603271672963,117.987149856868,251.375926665997,221.965963552616,123.129435309287,385.721907625851,40.1656795390638,63.8735870595127,115.338810358945,96.0375241828299,0,0
257,2,180.627533320384,348.137685292517,36.558775683487,36.6269024001028,36.6813185435682,1.99728582533076,214.907028034854,323.573129123137,22.012437012443,3.33688470627891,5.44754534391025,-4.30592042784816,41.7958295005836,340.089693814128,84.3401002576471,121.868148797549,254.701731416953,223.654032593764,123.555259223017,385.921414515251,40.8059297002826,65.6075709083133,117.500069468911,97.4777562560277,0,0
258,2,180.871712669718,348.149751678414,36.5720909223226,38.4268101351594,38.5283761264214,2.79571632598952,214.929273932896,323.59501116796,21.9837308762574,4.10491547199285,5.65906354738998,-3.89546777694179,42.6082838259006,340.349890679053,85.8311271416055,125.869403519816,257.967331832453,225.175570500711,123.992643029073,386.138469052667,41.4557814086562,67.7269696563606,119.744445652364,98.7511511110547,0,0
259,2,181.127891403952,348.175283320106,36.5907290311625,40.7098137985628,40.8691941111272,3.60584078674293,214.956640036043,323.622998986762,21.9577610910778,5.04824121107674,6.05916667403196,-3.35093441572436,43.4474131826993,340.62131911205,87.3322976116103,130.055163249597,261.247373567772,226.574148366886,124.444156160115,386.373262804067,42.1141224160632,70.3109560117518,122.130437749266,99.8609698007233,0,0
260,2,181.399290162609,348.216376023768,36.6147679697408,43.484748814349,43.7037381499819,4.36959366934246,214.99029497745,323.657103672108,21.9354215283063,6.14812950568222,6.70833522500455,-2.68370361113082,44.3144476043633,340.906203395924,88.8427919340562,134.499286485986,264.634250938562,227.906183998097,124.91289586686,386.625212247736,42.7798622147347,73.422959419733,124.718139230487,100.815094520431,0,0
261,2,181.689188488038,348.27450587111,36.6438985942031,46.7314536668397,47.0010611249536,5.02702546797202,215.031282507488,323.696869090705,21.9175301708987,7.36629306258862,7.61106200403523,-1.91467786985893,45.2111095142699,341.206273456037,90.3621664940435,139.284430459498,268.24033471179,229.243810380709,125.402382262992,386.892875120705,43.4519628448709,77.1068880648123,127.569095765716,101.62874597004,0,0
262,2,182.000731512484,348.35038878192,36.6774120973229,50.3989797061791,50.7004355839642,5.52059896930075,215.080391127905,323.741314378234,21.9047656517663,8.64345722593072,8.70999284768718,-1.07453366176582,46.1396723839999,341.522657473674,91.8904585632482,144.500731000807,272.19912712668,230.677054664653,125.916428183424,387.17391708452,44.1294878180045,81.3844486831378,130.745270109726,102.327401846264,0,0
263,2,182.336724710525,348.443867097391,36.7142160904515,54.4056277607069,54.7139106335279,5.79997282554601,215.138014176078,323.788897734738,21.8976020940212,9.89928907146833,9.90137794934726,-0.203374470688189,47.1030105906719,341.855817452434,93.4283055943459,150.243927311994,276.66496344064,232.315010925852,126.458991174645,387.465135002952,44.8116704969796,86.2537887709188,134.306938168624,102.949684617741,0,0
264,2,182.699428895596,348.55383236697,36.7528825759552,58.6410545949761,58.9298549477361,5.82705072487357,215.204009436555,323.837506983324,21.8962462642166,11.0339707386814,11.0531168439336,0.650293551845493,48.1046367727519,342.205534027211,94.9770723338516,156.612917401976,281.810935882634,234.285718057862,127.034016433117,387.762539692116,45.4980017277645,91.689620855653,138.309723465598,103.549954285247,0,0
265,2,183.090369259563,348.678193029489,36.7917295807877,62.9706048093709,63.2174420191752,5.581030853687,215.277569241479,323.884481953011,21.9005815545623,11.9316467040548,12.0171889181618,1.43130584586562,49.1487228887651,342.570943544942,96.538977120904,163.706769027538,287.824826285118,236.734501922772,127.645280572155,388.061497218966,46.1883347563328,97.6449116372784,142.801386718141,104.200322840057,0,0
266,2,183.510173291625,348.813894628665,36.8289364531456,67.2419158424887,67.4322682320931,5.06315640254371,215.35711355284,323.92667303544,21.9101235935347,12.4658976813961,12.6382859512669,2.08030449284564,50.2401013489487,342.950626758496,98.1172071337225,171.621256155327,294.903000440965,239.820608173592,128.296246649737,388.356923941619,46.8830035752665,104.0541345336,147.819288422328,104.991804995185,0,0
267,2,183.958452730575,348.956998512186,36.8626908291625,71.2937185601675,71.4233266332156,4.3008465699959,215.440219537382,323.960539212244,21.9239922901537,12.5072931077852,12.7619796174077,2.53687659752639,51.3842430566508,343.342744611846,99.7160111882131,180.445039754391,303.242427313371,243.712037763712,128.989940879961,388.643526778672,47.5829489419011,110.837997749172,153.389512286388,106.034337525211,0,0
268,2,184.433744187643,349.102822586277,36.8913631396292,74.9666183937507,75.0414704060356,3.35088157141996,215.523601491434,323.9822874312,21.9409048008039,11.9329518013075,12.2442168930836,2.74326605208941,52.5872099883468,343.745212844156,101.340758106638,190.255660918204,313.031206499638,248.578598699076,129.728860864955,388.916076937514,48.2898445254025,117.909476922257,159.528418179515,107.455439409914,0,0
269,2,184.933521643601,349.246144641565,36.9137023501053,78.1154986748859,78.1493905170834,2.30132678372676,215.603154503443,323.988053414618,21.9591932411511,10.6379003545712,10.9626413128395,2.64850535211671,53.8555810611348,344.155903805207,102.997948764632,201.115560001276,324.438169440472,254.583301328381,130.514924044437,389.169702772469,49.0062141214686,125.180906799511,166.246922095182,109.397347677965,0,0
270,2,185.454291634767,349.381465109777,36.9290445286635,80.6230467853297,80.6330790238686,1.27191191518037,215.67407383914,323.974121822788,21.9768499434986,8.54786720469036,8.82962948206973,2.21276366601,55.1963514611433,344.572861246376,104.695170773488,213.068373237478,337.602216964229,261.872345285059,131.349463423101,389.40018578354,49.735529772655,132.571824384348,173.55719389763,112.012548105224,0,0
271,2,185.991778613336,349.503322013978,36.9375239414314,82.4137743077941,82.4148072898874,0.412631764726967,215.731059620505,323.937181205726,21.991601701272,5.63299517129536,5.80718774570724,1.41166388140217,56.6168072827265,344.994512182684,106.440986408721,226.135783561536,352.622046019987,270.564067703626,132.233275585663,389.604243137675,50.4822800933565,140.017209359728,181.480865387314,115.457722066749,0,0
272,2,186.541203775388,349.606646578938,36.9402748198629,83.467794521286,83.4678539396074,-0.09959435734892,215.768612921646,323.874606429268,22.0010127938147,1.92180648528222,1.93677022774271,0.240288884881856,58.1243791731368,345.419859399179,108.244746860079,240.315210620111,369.546821006407,280.737337133045,133.166723648061,389.779780544349,51.2519982404682,147.475737504335,190.057372515481,119.886244811657,0,0
273,2,187.097655738863,349.687143784306,36.9396108574806,83.8335442449861,83.8335704445126,-0.0662781942001089,215.781424964882,323.784758368149,22.0026147197139,-2.48537669584294,2.79718885950703,-1.28342050611288,59.7264805772708,345.848638897742,110.116329107632,255.578612414269,388.368215026105,292.41997763313,134.149895231423,389.926100801084,52.0512398725459,154.93764906317,199.350797071605,125.439488183994,0,0
274,2,187.65654603383,349.741678427088,36.9391690028526,83.6386011326326,83.6417459059897,0.725299095915588,215.764855786909,323.667287773645,21.9940585830064,-7.40445433384735,8.03346023875637,-3.11617384393887,61.430337993366,346.281428543906,112.065795625187,271.872635013416,409.014148015994,305.577884684267,135.182812891844,390.044055708191,52.8875031271059,162.431835278748,209.453581488309,132.237293099402,0,0
275,2,188.214136708047,349.768644377274,36.9440043301587,83.0977591283499,83.1351442282812,2.49291670616145,215.715492758017,323.52342754401,21.9732840907135,-12.5579698740182,13.5874281343326,-5.18802428183456,63.2428222267887,346.719697264932,114.102981523082,289.120286365508,431.344522800285,320.10554097318,136.265691793703,390.136132125901,53.7690850811019,170.03176066865,220.485818048648,140.368074448931,0,0
276,2,188.768121768903,349.768292996942,36.9606237748664,82.5175883908884,82.6972829600988,5.44868930428031,215.631772958857,323.356255385134,21.938697262168,-17.5688925682806,19.0646999279873,-7.4024858843778,65.1702908025588,347.165788155536,116.237018462903,307.224226559185,455.149305626914,335.818649017252,137.399236864827,390.206466449326,54.7048722440948,177.859864330109,232.58949768987,149.879094926882,0,0
277,2,189.318239024842,349.742996418057,36.9969483702283,82.2968229359134,82.8767529719495,9.78719151894261,215.514647008402,323.170907302409,21.8893473562721,-21.9586639420584,23.9808021632073,-9.63825452406368,67.2184523129533,347.622833465822,118.475809456351,326.071663493942,480.149377471959,352.449563700969,138.584969293695,390.260785425272,55.704066210274,186.090119332717,245.91811161962,160.76748772465,0,0
278,2,189.866884511082,349.697422709886,37.0621963136879,82.9220874747719,84.3902487939625,15.6729544226085,215.368255915455,322.974721770947,21.8250923261117,-25.1502834349836,27.7607844340804,-11.7526335574404,69.392263402913,348.094604316858,120.825473214358,345.540725682054,506.000645308842,369.646128003642,139.825570089246,390.30627476067,56.7758494617716,194.948474844058,260.623164652217,172.97261664585,0,0
279,2,190.41969842758,349.638602969275,37.1666826765053,84.9586888598907,88.0767666493909,23.2279575214772,215.200587359221,322.777295026882,21.7467414357287,-26.4770083029347,29.7595295608023,-13.5866710789138,71.6958682407933,348.585302724528,123.289780734382,365.508060851353,532.301907122806,386.974389048243,141.125226588206,390.35138015139,57.9290002394106,204.710961767753,276.840169283799,186.370334176885,0,0
280,2,190.986089686646,349.575874965634,37.3215357266485,89.0364481770803,94.7893841743885,32.5198131632074,215.024073970535,322.59042989528,21.656163628536,-25.1969742795524,29.3094791494601,-14.9719088685515,74.132588646469,349.099307730763,125.869609994704,385.857289735567,558.606891291716,403.925501740751,142.489966333325,390.405548035849,59.1714691339232,215.69931090602,294.677177126863,200.769634143525,0,0
281,2,191.579666007827,349.52069397228,37.5383344810698,95.8308247439646,105.262858782198,43.5513773363436,214.856094142005,322.427964033345,21.5563509027456,-20.5137153266435,25.8556341833555,-15.7385292362703,76.7049705780395,349.640890802804,128.562446672975,406.487839347572,584.440742443261,419.926919701717,143.927961739365,390.478915471352,60.5099333615467,228.274014804418,314.208625341241,215.912098790004,0,0
282,2,192.218538172786,349.486308506988,37.8286769966455,106.039868386414,120.036657242723,56.2525145624537,214.719336039827,322.305468435857,21.4514273745038,-11.6021883701862,19.5415688411861,-15.7245711482867,79.4148895070233,350.213917896735,131.361959470987,427.323599452,609.321017696742,434.357737306911,145.449788504728,390.581960037706,61.9493473534801,242.824861831721,335.476256166627,231.47441527733,0,0
283,2,192.925470628696,349.487306481811,38.2036937603952,120.35781480552,139.4728848589,70.4746906776052,214.641988117359,322.239813421625,21.3465969001819,2.36048640963418,14.9730140975965,-14.7857788119786,82.2637135033699,350.821556515018,134.2576777197,448.320799127256,632.783007387228,446.567794973981,147.068620916939,390.725121646409,63.4925101219956,259.759083718292,358.497402429248,247.07409005064,0,0
284,2,193.727856060733,349.539045250582,38.6735250315792,139.44639306057,163.82734387157,85.9889647711313,214.657724693424,322.248606865484,21.2480250414354,22.1607508327466,25.5945513183281,-12.8055526907453,85.252518830885,351.466005649687,137.234796352859,469.474494455662,654.408913875815,455.899907453076,148.800348141728,390.918408665232,65.1396707223332,279.487383678028,383.279427288966,262.278328780265,0,0
285,2,194.657498681136,349.656986730572,39.2467847967201,163.905126655803,193.309700511635,102.487803019887,214.805463032309,322.349517799842,21.1626546901638,48.5123384388814,49.473451747202,-9.70440348368502,88.3823487939227,352.148264734326,140.274129069213,490.823097918448,673.860107104599,461.714338630239,150.663597366248,391.171000959969,66.8881929142016,302.408246755137,409.837887982392,276.615882986411,0,0
286,2,195.750199525508,349.85596565143,39.9300368168526,194.242064016454,228.105182958967,119.590948902379,215.128878621901,322.559507200237,21.0979586669392,82.0198399723765,82.200595013793,-5.44827234335585,91.6545027800457,352.867954776083,143.352224660081,512.450466034018,690.911301677611,463.414443718977,152.679652344615,391.490862400521,68.7322988007777,328.891069850205,438.21521330881,289.591500821543,0,0
287,2,197.045146618951,350.149424576935,40.7273098095352,230.846456037959,268.364448968995,136.855366007867,215.67567755505,322.893996205883,21.0616368513168,123.144132505512,123.144144824855,-0.0550827539036902,95.0708392202725,353.623200945006,146.441654284875,534.485191509199,705.485018085137,460.472247589321,154.87225947695,391.884375143579,70.6629088062546,359.258776301628,468.49636326485,300.702467636444,0,0
288,2,198.584122992538,350.548653253352,41.6396789162543,273.964896867723,314.178025494838,153.78903403069,216.49663843842,323.366009555983,21.0612696329575,172.17177461584,172.290724042075,6.40106370650884,98.6340738303338,354.410581378557,149.511469268803,557.09691330196,717.684027574002,452.45264130544,157.267317985628,392.356007619163,72.6675919238309,393.770687624912,500.818066468436,309.456590281394,0,0
289,2,200.410555638323,351.062071762296,42.6649391431256,323.682352321403,365.548150499761,169.868140419205,217.644450269193,323.985337970664,21.1039433910009,229.190403346632,229.604801484859,13.7885415729686,102.348053252347,355.225142183278,152.52782021084,580.489652680799,727.818557995938,439.034869337064,159.892455903127,392.908027604235,74.7306358590402,432.606501216668,535.368834544144,315.39087511567,0,0
290,2,202.568437987132,351.694596713317,43.7973934125869,379.909316692557,422.365209072577,184.556985576586,219.172386291504,324.757766930778,21.1958670014873,294.071951265188,294.887777857498,21.9200595076236,106.217984270219,356.060473976245,155.454719339753,604.892392825006,736.423827359688,420.030054407455,162.776499244572,393.540271020889,76.8332416931447,475.852256451965,572.378082042387,318.090079744865,0,1
291,2,205.101166765082,352.44712724396,45.0277733164308,442.376067498574,484.391995464613,197.329724508717,221.132865966605,325.684420268037,21.3420007315381,366.465136174705,367.736972544405,30.5578949631574,110.250600222386,356.908841193249,158.25491970247,630.547328785603,744.262108185413,395.393666921886,165.948847620918,394.249976082389,78.9538422247771,523.489153701124,612.09431792524,317.204287476771,0,0
292,2,208.050340548406,353.316182967687,46.3433048131556,510.634639756697,551.256821393186,207.692917098941,223.575966874436,326.761264776627,21.5457200312925,445.798177560223,447.537870951944,39.4224659322918,114.454249080956,357.761352146944,160.890877481949,657.696407602688,752.302493353309,365.232086394562,169.438775312259,395.031691052607,81.0685374746223,575.386015814851,654.754330926339,312.464664676679,0,0
293,2,211.454571480118,354.293719403892,47.7279242604819,584.068734221763,622.455354538288,215.207764957432,226.547954724838,327.978816520875,21.8085364708411,531.29209171456,533.474375649308,48.2039703342627,118.838891798308,358.608155725544,163.325758057913,686.566938981912,761.671838987206,329.802711637063,173.274682084358,395.877262116346,83.1516352391335,631.296048458637,700.547168606078,303.696616119613,0,0
294,2,215.348363041596,355.367138126697,49.1626426935314,661.91133141002,697.360479741205,219.510883684382,230.089902002935,329.322080713262,22.1298962730696,621.98425289119,624.552096960688,56.5765938651392,123.416004724854,359.438649862396,165.52444280216,717.357170485118,773.573439287347,289.507436734259,177.483322407415,396.775905638718,85.1762793465976,690.858368281088,749.577995444836,290.829651567873,0,0
295,2,219.761105250996,356.519499263968,50.6260485847606,743.269334028763,775.239132998025,220.332499699815,234.236463688876,330.770745318343,22.5070735655038,716.761231236425,719.631971618738,64.2145775686094,128.198385861421,360.241687542194,167.454492380388,750.222775752721,789.176963409308,244.879697643186,182.089044862623,397.714366420927,87.1151436903834,753.604535433,801.83718843424,273.903415332739,0,0
296,2,224.716234144521,357.72993353486,52.0949319160927,827.154136597841,855.274827915308,217.511070004818,239.014871897119,332.299634516929,22.9351707492945,814.399285067829,817.471802482584,70.8092672969705,133.199871033106,361.005768073206,169.08702369801,785.265191920492,809.493353356613,196.565682372604,187.113075098843,398.677160488317,88.9411664592683,818.970063266359,857.179175230633,253.069504133872,0,0
297,2,230.230595055173,358.974240276114,53.5450057161249,912.516655014802,936.594427138932,211.003495867489,244.444200464238,333.879412698287,23.4072325312744,913.610350220512,916.77313185228,76.0861567973574,138.434972312576,361.719204448978,170.397461580494,822.522660192151,835.25792872744,145.300657164658,192.572875520618,399.646897580806,90.6282964868275,886.310600609522,915.31380714243,228.588899102206,0,0
298,2,236.314039421939,360.225647473027,54.9516956885748,998.285070328231,1018.29760150613,200.890327275609,250.534936132374,335.477513779082,23.9144735765901,1013.09098120369,1016.23063913415,79.8208977570571,143.918456713857,362.370261532247,171.366132628258,861.964674151484,866.847933388874,91.8816637609922,198.481612858015,400.604675014281,92.1522224808422,954.922210372705,975.81101165265,200.825054710505,0,0
299,2,242.969273224127,361.455700308463,56.2909645370788,1083.40337385662,1099.48737754279,187.375619790885,257.288876007066,337.059255525439,24.4466128949704,1111.5714942422,1114.58115357864,81.8532901040706,149.664887874867,362.947264112315,171.978677053331,903.490332217079,904.253292068341,37.1380641216675,204.847760927167,401.530531144545,93.4910561789122,1024.06492212961,1038.11762712383,170.232908125553,0,0
300,2,250.191962383171,362.635236793898,57.5401353356848,1166.86875997955,1179.30021063622,170.781391815471,264.699352635347,338.589085337916,24.9923014956643,1207.86256068586,1210.64945787286,82.0983820866443,155.688156756314,363.438678157636,172.226264147476,946.930837294536,947.10377742828,-18.098469537118,211.674860408031,402.40394351746,94.6259422330825,1092.98853374136,1101.5840353652,137.34428303128,0,0
301,2,257.971087449701,363.735403219755,58.6786779477879,1247.76600242074,1256.93414093261,151.536919082348,272.751769706586,340.031893714628,25.5396240429085,1300.89670107856,1303.38834290709,80.5539915150405,162.001029004944,363.833172346757,172.105607683895,992.056106066555,994.739997671843,-73.0229099957242,218.961450632973,403.204354158122,95.5415707866244,1160.95949247229,1165.4975663706,102.75034819535,0,0
302,2,266.28952746584,364.728658925317,59.6889240750035,1325.29716175503,1331.67378555273,130.163374927041,281.424414380443,341.354325210014,26.0766506530088,1389.76251586368,1391.91084059179,77.304189131056,168.614736378721,364.119669799225,171.618788283923,1038.58516315201,1046.30707927937,-126.883265368805,226.701180582788,403.911702546467,96.2265731079267,1227.2876088368,1229.11954725458,67.0819397375645,0,0
303,2,275.12484187754,365.589719557258,60.5566799078505,1398.80528696892,1402.91117743827,107.254561343742,290.689497819534,342.526014757211,26.5920119138825,1473.73002099488,1475.51316949942,72.5185395925664,175.538637466401,364.28740152464,170.772899848131,1086.19972314927,1100.8505560295,-179.003095338901,234.883097975034,404.506945814045,96.6737860395105,1291.35135020314,1291.72311525669,30.988656262803,0,0
304,2,284.450210457333,366.296390685687,61.2717103168088,1467.79116355805,1470.161753122,83.4546614854432,300.514364626167,343.520679989953,27.0754688444996,1552.26608497243,1553.68762058561,66.4471504682254,182.779968954063,364.325973275416,169.579545879205,1134.56012687808,1157.40041606454,-228.799129379405,243.492106976388,404.972545686077,96.8803770812625,1352.62052355708,1352.62933495988,-4.88231975302753,0,0
305,2,294.235484881053,366.83024928879,61.8280747267117,1531.92258999474,1533.07508953332,59.4340677676918,310.86280519265,344.317007595219,27.5184498476211,1625.03962999394,1626.12532187481,59.4118118861637,190.34370313325,364.225456193598,168.054218350009,1183.32261453467,1215.03677267478,-275.793308263238,252.509577133435,405.292902724828,96.847828282909,1410.67527998202,1411.23962994158,-39.906735838774,0,0
306,2,304.448302147685,367.177138895351,62.224301845163,1591.03609634136,1591.44026425206,35.8643948992391,321.696402725943,344.89928330491,27.9145285935289,1691.91690533116,1692.70948539744,51.7937004768861,198.232520563481,363.976509008415,166.215596294921,1232.15680113008,1272.93623316096,-319.618946752053,261.914078999982,405.454720473454,96.5817833773172,1465.22054537797,1467.06299378239,-73.5022525372365,0,0
307,2,315.055209456627,367.327454582998,62.4633978111579,1645.13141824802,1645.18593978873,13.3937736201492,332.975848761484,345.257730128198,28.2598199300415,1752.94771302609,1753.50029704344,44.0182590297894,206.446899237682,363.57053583586,164.084803316574,1280.76217623536,1330.401044762,-360.021093588543,271.682215969168,405.447285054515,96.0917683604023,1516.09518832974,1519.73685986123,-105.145152737981,0,0
308,2,326.022752244947,367.276205901213,62.5526896352922,1694.35937743608,1694.37543463108,-7.37655581308445,344.662166848324,345.38853681357,28.5532749902401,1808.34392333422,1808.713013826,36.5379436164556,214.985313745918,362.999879233389,161.68466269265,1328.8824827172,1386.87410356444,-396.851516647003,281.7895172247,405.262649487674,95.3908006754824,1563.27546192853,1569.04087981703,-134.38419798903,0,0
309,2,337.318481427854,367.022858345693,62.5035125965384,1739.0040758834,1739.19713758165,-25.9134604621803,356.717793003886,345.293577114761,28.7968612810164,1858.4519340357,1858.69105535527,29.8135562565063,223.844530297366,362.258043519202,159.038985915004,1376.31693436437,1441.94281568415,-430.059042324434,292.211353637557,404.895716257045,94.4949060222222,1606.87248807468,1614.90319057864,-160.851241865755,0,0
310,2,348.911841933744,366.570966433507,62.3307561934571,1779.46047580836,1779.95065552682,-41.7702184125222,369.107472564124,344.979838944676,28.9956183227265,1903.7208945294,1903.87591104503,24.2948634429487,233.019976526461,361.339938943973,156.171925632841,1422.92740197839,1495.33428040263,-459.676210877049,302.923836891388,404.344216254612,93.4225644097838,1647.12377925838,1657.3990439807,-184.268409635873,0,0
311,2,360.774911772466,365.927622918037,62.052288070707,1816.20851260353,1817.02907822435,-54.6013723207281,381.79894519432,344.458599686944,29.1575840790128,1944.66853927088,1944.77554866637,20.4011534141811,242.506159206317,360.242133540524,153.107417560327,1468.64092001015,1546.90370051662,-485.803362219481,313.904662086444,403.608586917616,92.1941083455447,1684.37900631555,1696.7419350443,-204.451845727398,0,0
312,2,372.882968523156,365.102758526605,61.6882789219021,1849.78488416904,1850.89772604778,-64.1737842780245,394.763402122792,343.744398669306,29.2935917684407,1981.84637571696,1981.93274178209,18.502324324815,252.297098673052,358.963096737665,149.868728478864,1513.44712730804,1596.61747258275,-508.591335552998,325.133855461881,402.691756935813,90.8310960406954,1719.0804170141,1733.26759915543,-221.312200568942,0,0
313,2,385.21486775095,364.108334229242,61.260453693382,1880.75359597146,1882.06975134587,-70.3737179030615,407.975711294239,342.853869167367,29.4169405972728,2015.80577893814,2015.89438900027,18.9010370717087,262.386746188439,357.503417365214,146.478119575177,1557.39054114464,1644.53210446857,-528.223953433626,336.594391575308,401.598849117384,89.3556813702357,1751.73848853908,1767.4114606088,-234.852163843921,0,0
314,2,397.753225057426,362.957473059136,60.7912955740282,1909.67623902474,1911.07902256495,-73.2099214049487,421.41441648716,341.804499654602,29.5429475110842,2047.06629256212,2047.1825425334,21.8164229312283,272.76934979607,355.865978629059,142.956626552287,1600.55785861167,1690.7699330553,-544.901374342402,348.272648165569,400.336816682567,87.7900002779429,1782.90355838544,1799.68031385166,-245.161443872718,0,0
315,2,410.484399984258,361.663580705352,60.3032294313286,1937.08286096297,1938.45085414462,-72.8127989950899,435.061525104241,340.613397008025,29.6883903306257,2076.08715786889,2076.26756315858,27.3698146932146,283.439735520147,354.056073998857,139.323950723337,1643.06076976335,1735.49253887732,-558.825249396925,360.158671888138,398.914031242274,86.1555906521248,1813.13432547605,1830.61921443808,-252.409639376959,0,0
316,2,423.398285724011,360.239503484543,59.8178107713613,1963.44417910675,1964.67135840428,-69.4298355603546,448.9021061567,339.296122998117,29.8708557619138,2103.24281987009,2103.54362817868,35.5729717068842,294.393473985236,352.081450606989,135.598449060691,1685.01503990063,1778.87274469766,-570.186423143228,372.246234057979,397.339842884876,84.4728597229451,1842.96424916591,1860.77475810472,-256.837451895164,0,0
317,2,436.487913584723,358.696769047206,59.354945200959,1989.14579462198,1990.15646862712,-63.4174846242335,462.923724955834,337.865669909434,30.1080089066263,2128.80291439318,2129.30677095673,46.3192887821332,305.626907584574,349.952270487286,131.797206239736,1726.51686295343,1821.06611435427,-579.155691318655,384.532662385751,395.624134038756,82.760610043644,1872.86699957509,1890.65613672364,-258.746650670784,0,0
318,2,449.748885548869,357.044949609711,58.9321619701307,2014.46500766919,2015.22197102427,-55.2297508170721,477.115744385122,336.331632074484,30.4168041651739,2152.91703833087,2153.73572677808,59.3785050751004,317.137020004263,347.680984496542,127.936168297612,1767.61769427172,1862.1829154559,-585.877886178824,397.018442382919,393.776889035539,81.0356323725054,1903.22222740628,1920.69557208413,-258.489136580769,0,0
319,2,463.178652266664,355.291180058621,58.5639636313502,2039.55080672226,2040.05612418786,-45.4037072819002,491.468524640661,334.699618162257,30.8126608656746,2175.60445217217,2176.87606785138,74.3954465858303,328.921137966075,345.282118731991,124.030315723086,1808.29893069719,1902.26155878235,-590.469317797687,409.706590565627,391.807800541469,79.312371461967,1934.28302075876,1951.20992235943,-256.455369837033,0,0
320,2,476.775657644812,353.439854447909,58.2612722494709,2064.40760582251,2064.69657008089,-34.5421992055801,505.972554321809,332.97093506607,31.3086305095801,2196.74875744044,2198.6283679282,90.8933272716885,340.976464170723,342.771978344255,120.093853604435,1848.44791090157,1941.24456688261,-593.018371667217,422.601810704019,389.725932267008,77.6026689963868,1966.14649247075,1982.36539984645,-253.062341436523,0,0
321,2,490.538375016963,351.492514729068,58.0309909214337,2088.88332018679,2089.01319676592,-23.2940101223498,520.617546038078,331.142559056065,31.9145860247247,2216.09752299163,2218.74136407818,108.28208190583,353.2994502434,340.168278522737,116.14039779332,1887.83675277532,1978.958145396,-593.588861165649,435.709453987157,387.539454667677,75.9155867201433,1998.72898272216,2014.14739486407,-248.741194545921,0,0
322,2,504.464263818208,349.44793553774,57.875697520618,2112.66238761613,2112.69837832938,-12.3318185071934,535.391529524689,329.207394365106,32.6364665707636,2233.2667902657,2236.81119914629,125.872094296569,365.885028595235,337.489716807111,112.183138718883,1926.1055211086,2015.09642502824,-592.225568273266,449.034313871972,385.255466818368,74.2573120898371,2031.74735390927,2046.33733708986,-243.924551963678,0,0
323,2,518.548679735649,347.302398993159,57.7934853972368,2135.26434249338,2135.26561194637,-2.3283550018725,550.279974793127,327.154804370547,33.475613866074,2247.7503536091,2252.28777174387,142.893507890068,378.725732069293,334.755504507817,108.234968263728,1962.75112305125,2049.21140119433,-588.96128543893,462.579296231367,382.879913426581,72.6311484100793,2064.7077830226,2078.49832482496,-239.033589744349,0,0
324,2,532.783775352271,345.050144179615,57.7779630305576,2156.04851265911,2156.05705356418,6.06871356244838,565.264977150521,324.971386730772,34.4282372520078,2258.9336730912,2264.48896347487,158.521059402852,391.810739556301,331.984877705818,104.308559694135,1997.12315770524,2080.70951181855,-583.824601682414,476.344014784851,380.417601230538,71.0375911451169,2096.90330685701,2109.97091866752,-234.464921288442,0,0
325,2,547.157432103332,342.683967639685,57.8184211209739,2174.22532115739,2174.25990078364,12.2625035669909,580.324534971129,322.641951825811,35.4850443146935,2266.11222141881,2272.62306767043,171.904065234233,405.124893941003,329.196609907026,100.416395682919,2028.42769899672,2108.85565020236,-576.847660421094,490.323370163898,377.872314014432,69.4744916698607,2127.42113672352,2139.88005281859,-230.577421862804,0,0
326,2,561.652267577714,340.195944115294,57.9001711447539,2188.8745230645,2188.9310602151,15.7324077474691,595.431949780588,320.150654092953,36.631071416255,2268.5139848865,2275.8191583776,182.200828793145,418.647745267648,326.408548863904,96.5707446134446,2055.73967033754,2132.78519847207,-568.07315604777,504.506177742054,375.247020389927,67.937308857442,2155.16042694673,2167.15350075005,-227.679225964951,0,0
327,2,576.244764398145,337.578231155206,58.0050538630703,2198.97048663624,2199.02912041912,16.0583733311793,610.555376346498,317.482218661835,37.8457436082093,2265.32572670345,2273.164484661,188.616346745382,432.352676403231,323.637199313298,92.7835902397928,2078.02408234219,2151.52438078189,-557.559928890857,518.873913921699,372.544163569859,66.419447351009,2178.86075781783,2190.55177959525,-226.015258620832,0,0
328,2,590.904567642386,334.823917232049,58.1121096852782,2203.41433926253,2203.4523520067,12.9428395687466,625.657547857854,314.62320126929,39.1031859198452,2255.72248053001,2263.74733342503,190.441803237755,446.206170285512,320.897371436114,89.0665240471871,2094.16596270447,2164.01887390815,-545.386658510075,533.399652307151,369.766017823173,64.9126789602034,2197.14108993633,2208.70881980099,-225.755800767289,0,0
329,2,605.593996570803,331.927870785549,58.1983952824032,2201.07245133767,2201.08126563925,6.22911795184073,640.695697728054,311.56321784525,40.3727979414302,2238.89957871144,2246.70324791442,187.093988772895,460.167276703542,318.201911794859,85.4306129904532,2103.00832716552,2169.17018517574,-531.653334540299,548.047259573394,366.915092363387,63.4076402884215,2208.54838309479,2220.18218415548,-226.986718489804,0,0
330,2,620.267812913054,328.887547184675,58.2399227354154,2190.82034189176,2190.82415037492,-4.08502377614823,655.621694919464,308.296081377444,41.6200911999162,2214.10634408508,2221.2620775661,178.15250297286,474.187332217979,315.561529477799,81.8862574268512,2103.39704435527,2165.87883314008,-516.480390374854,562.770915460692,363.99456028271,61.8943954984895,2211.61447758762,2223.5111074474,-229.702084158642,0,0
331,2,634.873281858999,325.703711984415,58.2126892435745,2171.59068224717,2171.66395829526,-17.8397459599669,670.382403880031,304.820787568903,42.8077745530686,2180.68040042392,2186.79310792746,163.392435828613,488.209979180347,312.984725356135,78.4430548243522,2094.23096170103,2153.09287394032,-500.00560283397,577.515011977943,361.008687972786,60.3630482707652,2204.91924470717,2217.28015782773,-233.79996282405,0,0
332,2,649.35055307398,322.381042000784,58.0937576038413,2142.42367704141,2142.70487213216,-34.7124921497709,684.92027321619,301.142297210034,43.8970574585927,2138.08140071677,2142.84549846472,142.810203415326,502.171518925021,310.477826977881,75.1096841387924,2074.51521444918,2129.85984173512,-482.379073400608,592.214473609324,357.963239415527,58.8043818519382,2187.15746677218,2200.18591037379,-239.08211089506,0,0
333,2,663.63337758759,318.928570552178,57.8623409895095,2102.51774809818,2103.21687801041,-54.2250392348159,699.174149220969,297.272071846194,44.8491254813615,2085.92285125314,2089.18144648305,116.640365864389,516.001620354682,308.045125959487,71.893823649455,2043.41526669337,2095.37975494891,-463.756795415699,606.795523387805,354.865829894296,57.2105011126378,2157.20644791098,2171.10369508882,-245.258222939856,0,0
334,2,677.650162574911,315.35994958034,57.5008407279441,2051.27816924493,2052.67666495601,-75.7585852171722,713.080301562657,293.228329926223,45.6267279204575,2024.00063851559,2025.79988786044,85.3615893939985,529.624388799305,305.6891091086,68.802111680017,2000.30896331317,2049.05652104964,-444.293459039242,621.176899707212,351.726205138098,55.5754462930387,2114.1910264011,2129.15126266087,-251.955161041432,0,0
335,2,691.325350369877,311.693509082751,56.9957834931629,1988.36113095169,1990.80319532575,-98.576748981295,726.573639152761,289.036002807003,46.1958051830841,1952.31685837779,1952.94911710693,49.6904266695111,542.959781888059,303.410769252155,65.8401552864221,1944.83373336305,1990.54488745759,-424.13523616495,635.271506549886,348.556424692242,53.8957452194292,2057.54249452818,2073.74612947833,-258.731313793143,0,0
336,2,704.581091242888,307.952103118534,56.338605166621,1913.71067977489,1917.58634986816,-121.855830046138,739.589084875279,284.726383347487,46.5270746942142,1871.09761267561,1871.12742417361,10.5622599002679,555.925340110479,301.209977184402,63.0125870453224,1876.92610202214,1919.79006414999,-403.413309097459,648.988456513407,345.370932373359,52.1708697941416,1987.04796183696,2004.65344258527,-265.095873654293,0,0
337,2,717.339162441388,304.162741291932,55.5262329663134,1827.58609903517,1833.30716332364,-144.721130824762,752.063068959783,280.336473877488,46.597489760216,1780.80358207376,1781.0716538886,-30.9004588757677,568.438180790627,299.085892594853,60.3231649846727,1796.85085548675,1837.05730394985,-382.23885350922,662.235442925654,342.186501910283,50.4035639697796,1902.8869408808,1922.02146156354,-270.532417532855,0,0
338,2,729.523069768289,300.356014710761,54.5614254274816,1730.57758447343,1738.54834573695,-166.287626066372,763.935092840275,275.908054534425,46.3914867010442,1682.13240662279,1683.73443418594,-73.4316788099136,580.417186493872,297.037389541659,57.7749059612779,1705.21756718546,1742.94907664947,-360.700058712723,674.921355864859,339.022052111539,48.6000145195606,1805.65239669547,1826.40219313589,-274.52576090326,0,0
339,2,741.060253664778,296.565335540965,53.4528412537058,1623.60852106213,1634.19404251481,-185.702824225578,775.149308884427,271.486506728061,45.9019421756448,1576.01220176728,1580.25162065899,-115.675081482663,591.785303608442,295.063471184043,55.3702389031931,1602.98272892734,1638.40800663236,-338.861574920639,686.959038509495,335.898332865383,46.7698427802055,1696.35417295968,1718.7553286835,-276.590671860434,0,0
340,2,751.884310471859,292.826018955862,52.2148224255353,1507.92327154882,1521.41813025259,-202.189352298302,785.656056896209,267.119439170577,45.1307749657604,1463.58589815591,1471.90219300436,-156.244630276429,602.471855134624,293.163649169475,53.1111617370555,1491.43641886221,1524.70443969183,-316.766533755446,698.268066329226,332.837490615062,44.9259049678026,1576.40356399078,1600.43440530612,-276.30072226599,0,0
341,2,761.937132282185,289.174244990959,50.8668934102133,1385.06011778182,1401.66077811403,-215.084650854989,795.413296217248,262.855174817442,44.0891440972508,1346.1865041336,1360.06334330611,-193.789044823373,612.414764593705,291.338265274957,50.9993848453525,1372.173248196,1403.40832821163,-294.441017232653,708.777423422498,329.862529230979,43.083900152696,1447.57880122221,1473.15500607925,-273.315360322881,0,0
342,2,771.17086640073,285.645945024685,49.4329957378467,1256.80981430463,1276.59352294927,-223.875218600927,804.387872911472,258.741165525264,42.7972171317617,1225.30383185818,1246.16376015523,-227.056461607814,621.562586248345,289.588736507022,49.0364447304682,1247.04821682421,1276.34602672411,-271.900578980587,718.42794876398,326.99668894074,41.2617977505435,1311.97230967091,1338.94579339414,-267.403246623202,0,0
343,2,779.549598496094,282.275662790856,47.9404942805072,1125.16107119787,1148.07370099105,-228.223107436882,812.55656512386,254.822406614658,41.2835073877096,1102.54367965947,1131.63810359252,-254.955352847202,629.876241027173,287.917709647561,47.2237742039309,1118.11902015413,1145.54351352513,-249.158178972863,727.174430828453,324.262771675899,39.4791094397221,1171.92169589169,1200.08418283154,-258.460025111822,0,0
344,2,787.05067230408,279.095442530688,46.4190068975946,992.235122415337,1018.08973537813,-227.98283077401,819.90685632159,251.13992530108,39.5838050353949,979.580899837805,1017.88538472078,-276.607876064885,637.330367828201,286.32911687787,45.5627196774452,987.577223430634,1013.1584330187,-226.232707975542,734.987242134397,321.682445373074,37.7560426056433,1029.92747742955,1059.0194657221,-246.519005380758,0,0
345,2,793.665573120182,276.1337967639,44.8991213591013,860.212294711135,888.6994828466,-223.207479354115,826.437395653842,247.729414762124,37.7397525282957,858.108175950019,906.233452283774,-291.392224340145,643.914215984405,284.828130238404,44.0545016242749,857.671490305472,881.404119998374,-203.157174294432,741.853425317261,319.275562023832,36.1125825697716,888.561475034788,918.287139810092,-231.753697326711,0,0
346,2,799.40032175159,273.414803017301,43.4110714967405,731.254108111347,761.964597392098,-214.143589792411,832.158116826842,244.62007931104,35.7971376993614,739.782659262227,797.911132353898,-298.971223011828,649.632025919775,283.421018864253,42.700120462312,730.626655150257,752.469356500485,-179.985619581678,747.777168484159,317.059524324482,34.5675579209269,750.370486298016,780.419110920053,-214.471727698841,1,0
347,2,804.275349138999,270.957372719891,41.9834475647911,607.424854163713,639.884736750607,-201.215115909777,837.090001221923,241.833745887203,33.8039962126158,626.172843450206,694.028895791731,-299.305326246247,654.502870287443,282.114918748339,41.5002163317675,608.562807064851,628.437968667563,-156.797928303795,752.779638392813,315.048733525183,33.1377464029346,617.78027670515,647.855391388378,-195.100327690901,0,0
348,2,808.324848166757,268.774726615484,40.6420134587259,490.616766282153,524.336664106299,-184.997637738878,841.264486844925,239.384283309842,31.8086273709742,518.708165010833,595.568413752049,-292.649235451293,658.559955667876,280.91752982664,40.4548968097422,493.418664619162,511.212455034564,-133.701890741715,756.898173570847,313.254146606348,31.8370775516619,493.00501318117,522.864349616974,-174.16424741782,0,0
349,2,811.595626608638,266.874099955422,39.4086958738,382.482787713673,417.025677383437,-166.184634367597,844.72254127833,237.277354238529,29.8576324679656,418.633783933711,503.381231711386,-279.532501488851,661.849413432004,279.836759115252,39.5635508714641,386.883340516397,402.445630403818,-110.832153556629,760.184873658722,311.682964512388,30.6759825688765,377.967002685335,407.48180262937,-152.257559270942,0,0
350,2,814.145511860062,265.256688126691,38.3007983113494,284.380549582346,319.462939733103,-145.548180621261,847.513433171222,235.510506585696,27.9940824580399,326.972812099183,418.197382004896,-260.725584597487,664.428635702113,278.880331210605,38.8246698477532,290.340125189812,303.483783427945,-88.3460158043587,762.704653676624,310.338465324878,29.6609321737369,274.230991174295,303.489000591989,-130.011295508844,0,0
351,2,816.041382190611,263.917830114143,37.3304771072077,197.330512555402,233.001583161146,-123.896757706661,849.69325191855,234.073592474203,26.2559118940567,244.497913488181,340.646654715276,-237.193831430404,666.364236536712,278.055388554364,38.2356964090575,204.825185124014,215.324151081231,-66.4163652857209,764.532860284452,309.219987574116,28.7941902036779,182.956365377322,212.484864091466,-108.059177471831,0,0
352,2,817.356918940981,262.847414235331,36.5044987224966,121.990346048966,159.035756051038,-102.032971012212,851.323238008471,232.949485053166,24.6746196845206,171.713712356643,271.299637866616,-210.042601619903,667.729737770872,277.368103448073,37.792920640486,131.003128758317,138.588894547915,-45.2223611451785,765.752569386968,308.323060055826,28.073795687199,104.869450813118,136.261748044209,-87.0038060444399,0,0
353,2,818.170187914641,262.030478849133,35.8242789157485,58.6465873638474,99.7704719575064,-80.7138455607102,852.467996090848,232.115047854884,23.2743356737213,108.850840443063,210.74471052551,-180.45727347303,668.603091962594,276.823321985771,37.4914382328515,69.160315224849,73.5193091685078,-24.9387172608007,766.451699059055,307.639666220747,27.4937703135694,40.2568077608805,78.4947662881022,-67.3855901771832,0,0
354,2,818.561165163733,261.447971037712,35.2861866120104,7.22352528311489,61.0449362194626,-60.6160450749012,853.193668360469,231.542298988348,22.0712871839011,55.8717743279487,159.732267176353,-149.64204626623,669.064160730759,276.424257074251,37.3251801177795,19.2156578879462,20.0502502754168,-5.72459850472171,766.720077777461,307.158624046634,27.0445330457215,-11.0209002789077,50.8647154754693,-49.6564098323955,0,0
355,2,818.609321998954,261.077619219072,34.8820796448444,-32.6918191899722,53.4669189003461,-42.3078760368131,853.566146855989,231.199704122192,21.0736735421262,12.4879124912582,119.41608950797,-118.761334090629,669.192265116679,276.172243839177,37.287016127748,-19.2524014717378,22.8390156022296,12.2868088310153,766.646605108935,306.866056762854,26.7134903135056,-49.4961449619211,60.1393808540308,-34.1595779162251,0,0
